"Gene","Module","Pooled log2FC","95% CI lower","95% CI upper","p value","BH-adjusted p value","I2 (%)","Datasets (k)"
"Blnk","BTK",-0.06,-0.248,0.127,0.528,1,30.1,4
"Btk","BTK",-0.102,-0.277,0.073,0.253,1,0,4
"Fcer1g","BTK",0.296,0.012,0.579,0.0408,1,43.6,4
"Hck","BTK",-0.029,-0.186,0.128,0.717,1,0,4
"Lyn","BTK",-0.125,-0.284,0.034,0.123,1,0,4
"Nfkb1","BTK",0.037,-0.158,0.231,0.71,1,33.3,4
"Plcg2","BTK",-0.075,-0.225,0.075,0.329,1,0,4
"Syk","BTK",-0.143,-0.306,0.02,0.0864,1,0,4
"Cybb","NOX2",1.662,0.802,2.523,0.000154,0.0188,72.8,4
"Cyba","NOX2",0.146,-0.106,0.397,0.256,1,27,4
"Ncf1","NOX2",-0.023,-0.173,0.127,0.763,1,0,4
"Ncf2","NOX2",-0.008,-0.173,0.157,0.922,1,0,4
"Ncf4","NOX2",0.134,-0.09,0.359,0.24,1,0,4
"Rac2","NOX2",0.094,-0.108,0.295,0.361,1,0,4
