"SYMBOL","module","meta_logFC","ci_lb","ci_ub","meta_p","meta_padj","I2","k"
"Blnk","BTK",-0.0604104097089768,-0.248191283742018,0.127370464324064,0.528345259092792,0.999844195928908,30.1358777543656,4
"Btk","BTK",-0.102207197130602,-0.277321065977328,0.0729066717161226,0.252642206184646,0.999844195928908,0,4
"Fcer1g","BTK",0.295902775630585,0.012447915876321,0.579357635384848,0.040752851189134,0.999844195928908,43.552224325031,4
"Hck","BTK",-0.0289285794151741,-0.185607513533648,0.1277503547033,0.717441700924899,0.999844195928908,0,4
"Lyn","BTK",-0.125069351994771,-0.283859110630289,0.0337204066407461,0.122649311923148,0.999844195928908,0,4
"Nfkb1","BTK",0.0368954567803228,-0.157656450212413,0.231447363773058,0.710120731181252,0.999844195928908,33.2797044227444,4
"Plcg2","BTK",-0.0747665783161264,-0.224929087912759,0.0753959312805064,0.329126538766125,0.999844195928908,0,4
"Syk","BTK",-0.14276206949598,-0.305955219576444,0.0204310805844834,0.0864213550333898,0.999844195928908,0,4
"Cybb","NOX2",1.66243417931219,0.80150404300411,2.52336431562028,0.000153930886325387,0.0188293693008025,72.8241439983465,4
"Cyba","NOX2",0.145601378831206,-0.10551713820435,0.396719895866763,0.255785238010442,0.999844195928908,27.0444157380851,4
"Ncf1","NOX2",-0.0230710107623498,-0.172875272432183,0.126733250907483,0.762766749937422,0.999844195928908,0,4
"Ncf2","NOX2",-0.00820458048621629,-0.173444261139019,0.157035100166586,0.92247440488201,0.999844195928908,0,4
"Ncf4","NOX2",0.134456750988109,-0.0897665148491226,0.35868001682534,0.239873314232247,0.999844195928908,0,4
"Rac2","NOX2",0.0938810318161996,-0.107592906297778,0.295354969930177,0.361091845603286,0.999844195928908,0,4
