"P2ry12","Cx3cr1","Ptprc","Cd3e","sample","condition","dataset"
11.1694308386299,14.9280731021098,8.66170425651046,3.7458515508394,"Sham_1","Sham","GSE276647"
10.2911573059469,14.984819952366,9.18481510010703,3.7458515508394,"Sham_2","Sham","GSE276647"
10.827955950078,14.7610247354126,8.87059045705922,3.7458515508394,"Sham_3","Sham","GSE276647"
10.093081365116,14.9480200917643,9.36300119911691,3.7458515508394,"Sham_4","Sham","GSE276647"
9.74148125368515,13.682204305138,9.53680950327702,4.99672666213471,"TBI_Iso_1","TBI","GSE276647"
10.3911606916791,14.0293351014114,9.72506226467957,3.7458515508394,"TBI_Iso_2","TBI","GSE276647"
10.9825983414827,14.4690764096333,8.92038189564198,3.7458515508394,"TBI_Iso_3","TBI","GSE276647"
10.1198958048413,14.1009621186896,8.98923091764946,3.7458515508394,"TBI_Iso_4","TBI","GSE276647"
16.746828369809,13.5044743627133,11.9521868747403,NA,"Sham_Mg_R1","Sham","GSE253476"
16.7270246763155,14.4211986944445,11.9444047831566,NA,"Sham_Mg_R2","Sham","GSE253476"
16.7345002734802,14.6075332444407,11.9168099347489,NA,"Sham_Mg_R3","Sham","GSE253476"
15.4461378080159,13.7148477430689,12.4415478941701,NA,"WT_7d_Mg_R1","TBI_7d","GSE253476"
15.450314750695,13.8181228882492,12.4298663264156,NA,"WT_7d_Mg_R2","TBI_7d","GSE253476"
15.5181445606268,13.792527060748,12.4015945759994,NA,"WT_7d_Mg_R3","TBI_7d","GSE253476"
14.3216122138178,15.3592490976696,12.0862361973937,NA,"1303M_S76","Sham","GSE167459"
14.0576824521477,15.1134124950746,12.0389171380764,NA,"1317M_S81","Sham","GSE167459"
14.1571706793147,15.2470322409362,11.979763522764,NA,"1322M_S82","Sham","GSE167459"
13.3612698347576,14.7645293765902,12.3395676346237,NA,"1304M_S77","FPI","GSE167459"
13.3422910829946,14.6163880959273,12.3168735392203,NA,"1307M_S78","FPI","GSE167459"
12.9311168661898,14.2545527759038,12.3437837795383,NA,"1309M_S79","FPI","GSE167459"
20.2286250261705,18.4006473187804,16.7014690983629,4.87886237761405,"GSM8666315","TBI","GSE283560"
20.3722672896993,18.1726485526574,16.4494389840379,3.26798270204879,"GSM8666321","TBI","GSE283560"
20.7971767448094,18.2289664788885,16.7368522697846,3.70748393396612,"GSM8666322","TBI","GSE283560"
17.3587079918539,17.0822662410736,16.365968289075,7.7610909723292,"GSM8666331","TBI","GSE283560"
20.5056254714521,18.0536956423642,16.7350797975315,3.48277318391675,"GSM8666337","TBI","GSE283560"
20.3571650417075,17.9414368902574,16.8968946633925,3.77051354626764,"GSM8666338","TBI","GSE283560"
20.8356632510104,19.333741429517,16.7799958035988,4.50894042788819,"GSM8666346","Control","GSE283560"
20.5115801970989,18.0205726298202,16.6806947521345,4.24969987170071,"GSM8666352","TBI","GSE283560"
21.3138845956415,18.597773207849,16.624091505661,3.57253381829904,"GSM8666353","Control","GSE283560"
19.7686651715927,18.2301505103147,17.1831598980069,5.89874394209927,"GSM8666365","TBI","GSE283560"
21.2828687094304,18.6063266302078,16.4858009543621,3.56416009627675,"GSM8666366","Control","GSE283560"
