"pathway","size","NES","pval","padj","run"
"HALLMARK_INTERFERON_ALPHA_RESPONSE",96,2.18909361865706,8.46555335654414e-09,2.11638833913603e-07,"baseline"
"HALLMARK_INTERFERON_GAMMA_RESPONSE",194,2.21787985176907,1.36485622145142e-12,6.82428110725711e-11,"baseline"
"HALLMARK_INTERFERON_ALPHA_RESPONSE",96,2.26308648544518,3.63600703366234e-11,9.09001758415585e-10,"GSE167459"
"HALLMARK_INTERFERON_GAMMA_RESPONSE",194,2.29959245907737,3.95805433905542e-14,1.97902716952771e-12,"GSE167459"
"HALLMARK_INTERFERON_ALPHA_RESPONSE",96,2.17806913909735,7.07622995950411e-11,1.76905748987603e-09,"GSE253476"
"HALLMARK_INTERFERON_GAMMA_RESPONSE",194,2.19804798005846,1.66835843765933e-13,8.34179218829664e-12,"GSE253476"
"HALLMARK_INTERFERON_ALPHA_RESPONSE",96,2.15811245393464,9.88089127252894e-09,2.47022281813224e-07,"GSE276647"
"HALLMARK_INTERFERON_GAMMA_RESPONSE",193,2.16816825106672,4.5364452049236e-10,2.2682226024618e-08,"GSE276647"
"HALLMARK_INTERFERON_ALPHA_RESPONSE",96,2.24518443452269,1.20069143572203e-07,3.00172858930507e-06,"GSE283560"
"HALLMARK_INTERFERON_GAMMA_RESPONSE",194,2.24989339378499,2.10224769626841e-09,1.0511238481342e-07,"GSE283560"
