"SYMBOL","meta_logFC","meta_p","meta_padj","k","run"
"Cx3cr1",-0.595902454235748,3.62626126731868e-08,1.09684513532934e-05,4,"baseline"
"Tjp1",-0.489738790640015,6.48669716801506e-08,1.81494352879584e-05,4,"baseline"
"Sall1",-0.482839885294485,4.87564068524039e-06,0.00096560902904356,4,"baseline"
"Cx3cr1",-0.652703646560995,6.91715984418426e-09,3.02330415918697e-06,4,"GSE167459"
"Sall1",-0.521614810071342,1.98265622338781e-08,7.3212885475634e-06,4,"GSE167459"
"Tjp1",-0.477109350947011,1.0434754534892e-06,0.000278239062182012,4,"GSE167459"
"Cx3cr1",-0.534836251713138,3.66503290675256e-05,0.0059092428623728,4,"GSE253476"
"Sall1",-0.478125439690023,3.22161150172378e-06,0.000668766277614085,4,"GSE253476"
"Tjp1",-0.456710166401796,2.64064039538578e-07,6.64441137063207e-05,4,"GSE253476"
"Cx3cr1",-0.589061053638106,5.1891518421425e-09,1.53005848602602e-06,4,"GSE276647"
"Sall1",-0.505432066300337,1.57759753597959e-07,3.47323873521266e-05,4,"GSE276647"
"Tjp1",-0.505622570107774,3.68552663648545e-08,9.50865872213247e-06,4,"GSE276647"
"Cx3cr1",-0.567012750893716,1.67150453798844e-08,7.51228350329994e-06,4,"GSE283560"
"Sall1",-0.464973118326174,8.69577611923958e-06,0.0026778159460525,4,"GSE283560"
"Tjp1",-0.489218046382641,5.77850149506567e-08,2.28787384193922e-05,4,"GSE283560"
