"dataset","gsm","title","group","status","reason","sample_code","celltype:ch1","genotype:ch1","tissue:ch1","treatment:ch1","analysis_name"
"GSE253476","GSM8021374","Sham_Mg_R1","Sham","used","Wild-type microglia, Sham or 7 dpi TBI","Sham_Mg_R1","Microglia (Mg)","wildtype","brain","Sham control","Sham_Mg_R1"
"GSE253476","GSM8021375","Sham_Mg_R2","Sham","used","Wild-type microglia, Sham or 7 dpi TBI","Sham_Mg_R2","Microglia (Mg)","wildtype","brain","Sham control","Sham_Mg_R2"
"GSE253476","GSM8021376","Sham_Mg_R3","Sham","used","Wild-type microglia, Sham or 7 dpi TBI","Sham_Mg_R3","Microglia (Mg)","wildtype","brain","Sham control","Sham_Mg_R3"
"GSE253476","GSM8021383","WT_7d_Mg_R1","TBI_7d","used","Wild-type microglia, Sham or 7 dpi TBI","WT_7d_Mg_R1","Microglia (Mg)","wildtype","brain","7 days post TBI","WT_7d_Mg_R1"
"GSE253476","GSM8021384","WT_7d_Mg_R2","TBI_7d","used","Wild-type microglia, Sham or 7 dpi TBI","WT_7d_Mg_R2","Microglia (Mg)","wildtype","brain","7 days post TBI","WT_7d_Mg_R2"
"GSE253476","GSM8021385","WT_7d_Mg_R3","TBI_7d","used","Wild-type microglia, Sham or 7 dpi TBI","WT_7d_Mg_R3","Microglia (Mg)","wildtype","brain","7 days post TBI","WT_7d_Mg_R3"
"GSE253476","GSM8021365","Fgg_1d_Mg_R1","TBI_1d","excluded","Fgg390-396A mutant mouse, not wild type","Fgg_1d_Mg_R1","Microglia (Mg)","Fgg390-396A","brain","1 day post TBI","Fgg_1d_Mg_R1"
"GSE253476","GSM8021366","Fgg_1d_Mg_R2","TBI_1d","excluded","Fgg390-396A mutant mouse, not wild type","Fgg_1d_Mg_R2","Microglia (Mg)","Fgg390-396A","brain","1 day post TBI","Fgg_1d_Mg_R2"
"GSE253476","GSM8021367","Fgg_1d_Mg_R3","TBI_1d","excluded","Fgg390-396A mutant mouse, not wild type","Fgg_1d_Mg_R3","Microglia (Mg)","Fgg390-396A","brain","1 day post TBI","Fgg_1d_Mg_R3"
"GSE253476","GSM8021368","Fgg_1d_Mp_R1","TBI_1d","excluded","Macrophage sample, not microglia","Fgg_1d_Mp_R1","Macrophage (Mp)","Fgg390-396A","brain","1 day post TBI","Fgg_1d_Mp_R1"
"GSE253476","GSM8021369","Fgg_1d_Mp_R2","TBI_1d","excluded","Macrophage sample, not microglia","Fgg_1d_Mp_R2","Macrophage (Mp)","Fgg390-396A","brain","1 day post TBI","Fgg_1d_Mp_R2"
"GSE253476","GSM8021370","Fgg_1d_Mp_R3","TBI_1d","excluded","Macrophage sample, not microglia","Fgg_1d_Mp_R3","Macrophage (Mp)","Fgg390-396A","brain","1 day post TBI","Fgg_1d_Mp_R3"
"GSE253476","GSM8021377","WT_1d_Mg_R1","TBI_1d","excluded","1 day after TBI, not the 7 dpi time point","WT_1d_Mg_R1","Microglia (Mg)","wildtype","brain","1 day post TBI","WT_1d_Mg_R1"
"GSE253476","GSM8021378","WT_1d_Mg_R2","TBI_1d","excluded","1 day after TBI, not the 7 dpi time point","WT_1d_Mg_R2","Microglia (Mg)","wildtype","brain","1 day post TBI","WT_1d_Mg_R2"
"GSE253476","GSM8021379","WT_1d_Mg_R3","TBI_1d","excluded","1 day after TBI, not the 7 dpi time point","WT_1d_Mg_R3","Microglia (Mg)","wildtype","brain","1 day post TBI","WT_1d_Mg_R3"
"GSE253476","GSM8021380","WT_1d_Mp_R1","TBI_1d","excluded","Macrophage sample, not microglia","WT_1d_Mp_R1","Macrophage (Mp)","wildtype","brain","1 day post TBI","WT_1d_Mp_R1"
"GSE253476","GSM8021381","WT_1d_Mp_R2","TBI_1d","excluded","Macrophage sample, not microglia","WT_1d_Mp_R2","Macrophage (Mp)","wildtype","brain","1 day post TBI","WT_1d_Mp_R2"
"GSE253476","GSM8021382","WT_1d_Mp_R3","TBI_1d","excluded","Macrophage sample, not microglia","WT_1d_Mp_R3","Macrophage (Mp)","wildtype","brain","1 day post TBI","WT_1d_Mp_R3"
"GSE253476","GSM8021371","Fgg_7d_Mg_R1","TBI_7d","excluded","Fgg390-396A mutant mouse, not wild type","Fgg_7d_Mg_R1","Microglia (Mg)","Fgg390-396A","brain","7 days post TBI","Fgg_7d_Mg_R1"
"GSE253476","GSM8021372","Fgg_7d_Mg_R2","TBI_7d","excluded","Fgg390-396A mutant mouse, not wild type","Fgg_7d_Mg_R2","Microglia (Mg)","Fgg390-396A","brain","7 days post TBI","Fgg_7d_Mg_R2"
"GSE253476","GSM8021373","Fgg_7d_Mg_R3","TBI_7d","excluded","Fgg390-396A mutant mouse, not wild type","Fgg_7d_Mg_R3","Microglia (Mg)","Fgg390-396A","brain","7 days post TBI","Fgg_7d_Mg_R3"
