"SYMBOL","ENSEMBL","k","meta_logFC","meta_SE","meta_z","meta_p","ci_lb","ci_ub","I2","tau2","method","meta_padj","meta_stat"
"Lpl","ENSMUSG00000015568",4,3.85720402211439,0.217249670648612,17.7547059592702,1.58498538118167e-70,3.43140249198992,4.28300555223885,7.3288807602989,0.0188591730660287,"REML",2.63678168013383e-66,69.7999747390623
"Gpnmb","ENSMUSG00000029816",4,6.87377324718193,0.550371636087309,12.4893304750383,8.53690151609482e-36,5.79506466233842,7.95248183202544,20.5342328687392,0.258272384429116,"REML",4.73399645405844e-32,35.068699728683
"Stat1","ENSMUSG00000026104",4,1.44124171173785,0.115229733175408,12.5075505429134,6.78854065947241e-36,1.21539558476589,1.66708783870981,10.7277598462849,0.00615094497540212,"REML",4.73399645405844e-32,35.1682235764789
"Ifi213","ENSMUSG00000073491",4,3.3884700613817,0.271920014917499,12.4612749172207,1.21413936074548e-35,2.85551662546781,3.92142349729559,0,0,"REML",5.04960560134046e-32,34.9157314614246
"Phf11b","ENSMUSG00000091649",4,1.88177214518266,0.179151123496778,10.503825532618,8.29488601489385e-26,1.53064239533909,2.23290189502623,5.998207604155,0.00967000025642895,"REML",2.75987447487548e-22,25.0811895775049
"Helz2","ENSMUSG00000027580",4,2.56372668230229,0.249493617513845,10.2757205088023,9.06644245515732e-25,2.07472817760254,3.05272518700204,0.000317157527524499,9.98214255228223e-07,"REML",2.51382227806662e-21,24.042563090578
"Dhx58","ENSMUSG00000017830",4,1.49358559117608,0.148672932521443,10.0461164372383,9.55593885570832e-24,1.2021919979581,1.78497918439407,0,0,"REML",2.18287924919683e-20,23.0197266377745
"Oas1a","ENSMUSG00000052776",4,2.91680094295135,0.290609157716504,10.0368514394744,1.04971351247743e-23,2.34721746024948,3.48638442565322,0,0,"REML",2.18287924919683e-20,22.9789292122891
"Itgax","ENSMUSG00000030789",4,2.48979647311274,0.270108046714502,9.21777971222159,3.03315520134732e-20,1.96039442961785,3.01919851660763,20.3747320489621,0.0647709581557888,"REML",5.60661888106822e-17,19.5181053670173
"Atp1a3","ENSMUSG00000040907",4,2.2742776342891,0.250962900520898,9.06220652362804,1.27837869972796e-19,1.78239938781243,2.76615588076576,0,0,"REML",2.12671080486743e-16,18.8933404741594
"Eif2ak2","ENSMUSG00000024079",4,1.17581585251261,0.136974229467083,8.58421220610096,9.14610073845937e-18,0.907351295947001,1.44428040907822,6.8584825357615,0.00601164781226331,"REML",1.38322301713645e-14,17.0387640194526
"Ifi204","ENSMUSG00000073489",4,3.04021420671817,0.357221901500894,8.51071615134597,1.72862335447436e-17,2.34007214528751,3.74035626814884,44.2990699343855,0.205134997774926,"REML",2.39644817708629e-14,16.7622996237837
"Rsad2","ENSMUSG00000020641",4,3.2358232056407,0.387790048330143,8.3442657169116,7.16577106485832e-17,2.47576867735057,3.99587773393083,12.5175773217603,0.0814519360281952,"REML",9.16998211038331e-14,16.1447370709755
"Oasl2","ENSMUSG00000029561",4,3.50204017529769,0.420919932760136,8.31996753476,8.79874095903721e-17,2.6770522667128,4.32702808388258,55.069746294213,0.357474572540937,"REML",1.04554181853245e-13,16.0555794680387
"Mx2","ENSMUSG00000023341",4,1.6523336169926,0.199047542676167,8.30120078237186,1.03064342459064e-16,1.26220760213611,2.04245963184908,0,0,"REML",1.14305226743266e-13,15.986891563153
"Fgl2","ENSMUSG00000039899",4,1.55598961082911,0.192057050194662,8.101705244624,5.41941196107383e-16,1.17956470947057,1.93241451218765,0.000813549146595317,1.40801237089821e-06,"REML",5.63483358652651e-13,15.2660478344792
"Tap1","ENSMUSG00000037321",4,1.04389898314823,0.134835087223899,7.74204255465638,9.78322314149679e-15,0.779627068337073,1.30817089795939,0,0,"REML",9.57374706952592e-12,14.0095180407179
"AU020206","ENSMUSG00000097415",3,0.866826729181596,0.112494284160588,7.7055179794218,1.30313627059076e-14,0.646341983760229,1.08731147460296,0,0,"REML",1.14099868408147e-11,13.8850101671952
"Rassf3","ENSMUSG00000025795",4,1.34815033521792,0.174885664426052,7.70875268503193,1.2705335474268e-14,1.0053807315305,1.69091993890534,7.28307559119191,0.0112489828795025,"REML",1.14099868408147e-11,13.8960138632622
"Fabp5","ENSMUSG00000027533",4,3.52487795590022,0.46313120943787,7.61097046380997,2.72045403127581e-14,2.61715746528552,4.43259844651492,32.6722342462325,0.281896224990067,"REML",2.26287366321522e-11,13.5653586081635
"Tor3a","ENSMUSG00000060519",4,0.929709514496573,0.123735162943925,7.5137050162362,5.7477016955551e-14,0.687193051505285,1.17222597748786,0.00256196493527359,1.66944118013356e-06,"REML",4.5532745432026e-11,13.2405057797403
"Csf1","ENSMUSG00000014599",4,2.38133564819389,0.319632359217471,7.45023330561371,9.31753118486308e-14,1.75486773583408,3.0078035605537,64.5631852631677,0.215637484078493,"REML",7.04574767233555e-11,13.0306991450307
"Mx1","ENSMUSG00000000386",4,2.70193042738635,0.365375795655682,7.39493545963445,1.41476973641997e-13,1.98580702707855,3.41805382769416,33.9723982870643,0.17860664831064,"REML",1.02330910152533e-10,12.849314238825
"Ptger4","ENSMUSG00000039942",4,2.05099898205923,0.279147342596055,7.34737061433237,2.02143809245011e-13,1.5038802441909,2.59811771992756,0,0,"REML",1.40119350441667e-10,12.6943395546118
"Cd22","ENSMUSG00000030577",4,1.79468068334836,0.246681878450401,7.27528383771898,3.45692825507212e-13,1.31119308594689,2.27816828074983,0,0,"REML",2.30037833805519e-10,12.4613096336915
"Oas2","ENSMUSG00000032690",4,3.46887054502417,0.47897420560326,7.24229093016646,4.41168207573108e-13,2.5300983525181,4.40764273753025,47.4930116828568,0.419274204672027,"REML",2.82279780814855e-10,12.3553957921817
"Cst7","ENSMUSG00000068129",4,3.9920811201482,0.553449190708281,7.21309415059276,5.46945691247256e-13,2.90734063908713,5.07682160120927,76.8846723061356,0.820574475745621,"REML",3.36999574799606e-10,12.2620557946219
"H2-D1","ENSMUSG00000073411",3,1.70429208789554,0.239148016478736,7.12651567422505,1.02941520849452e-12,1.23557058862303,2.17301358716805,54.0133588535074,0.085481006924349,"REML",6.11619693161241e-10,11.987409419808
"Cpd","ENSMUSG00000020841",4,1.69575042622679,0.2400553213098,7.06399848574222,1.61778507882903e-12,1.22525064216239,2.16625021029119,40.0308285158855,0.0838559816897679,"REML",9.28050778324131e-10,11.7910791744903
"Hcar2","ENSMUSG00000045502",4,2.16534810784858,0.308248132227212,7.02469173844819,2.1453937511474e-12,1.56119287038151,2.76950334531566,0,0,"REML",1.18969234813627e-09,11.6684929886741
"Ifi209","ENSMUSG00000043263",4,2.07836081418501,0.298348182637013,6.96622582318076,3.25556429645145e-12,1.49360912136349,2.66311250700654,34.6706351318658,0.12091459664205,"REML",1.7470828269602e-09,11.4873737230422
"Cd52","ENSMUSG00000000682",4,1.87746634519955,0.270535867218267,6.93980566977768,3.92639676927085e-12,1.34722578892543,2.40770690147366,46.1870299733224,0.131177547479314,"REML",2.04123552042469e-09,11.4060058163004
"H2-Q6","ENSMUSG00000073409",3,2.71244358818371,0.396059865417047,6.84856968611938,7.45919974585746e-12,1.93618051624452,3.4887066601229,43.2151754839362,0.195132283648397,"REML",3.7603408173359e-09,11.1273077629564
"Usp18","ENSMUSG00000030107",4,1.95535765909255,0.29607746118107,6.60420976082583,3.99643335731062e-11,1.3750564985436,2.5356588196415,23.367652223049,0.0830249010020438,"REML",1.95543133330057e-08,10.3983274247293
"Rtcb","ENSMUSG00000001783",4,0.688956680733544,0.105395803211579,6.5368511813557,6.28275074426509e-11,0.482384702317178,0.89552865914991,0.00094854087209515,5.26886586332874e-07,"REML",2.98628118233126e-08,10.2018501697187
"Rps7","ENSMUSG00000061477",4,0.687070593962911,0.106489186149451,6.45202220813904,1.10367400253953e-10,0.478355624367006,0.895785563558817,0,0,"REML",5.10020019617991e-08,9.95715918730026
"Clec7a","ENSMUSG00000079293",4,3.32290557172367,0.515744114042113,6.44293455078061,1.17185238954188e-10,2.31206568296261,4.33374546048473,78.0455615577742,0.717032961707529,"REML",5.13024640853125e-08,9.93112709006263
"Cmpk2","ENSMUSG00000020638",4,2.93375545464309,0.455261674556273,6.44410812199933,1.16282169102216e-10,2.0414589689714,3.82605194031478,0,0,"REML",5.13024640853125e-08,9.93448687559152
"Gbp6","ENSMUSG00000104713",3,3.46168152738947,0.556119655009972,6.2247063131178,4.82458890934561e-10,2.37170703247508,4.55165602230385,1.31082382369759e-05,2.4041279679844e-07,"REML",2.05799643835573e-07,9.31653968584532
"Psat1","ENSMUSG00000024640",4,1.39410428856569,0.225340183709938,6.18666527031947,6.145025523185e-10,0.952445644224567,1.8357629329068,0,0,"REML",2.55571611509264e-07,9.21147630894427
"Lox","ENSMUSG00000024529",4,4.20367732271448,0.680284550556043,6.17929264934582,6.43894409266093e-10,2.87034410438562,5.53701054104334,39.3920169732244,0.716622598578722,"REML",2.6126408274514e-07,9.19118534573475
"Irf7","ENSMUSG00000025498",3,3.12679441352935,0.510958871575279,6.11946398716885,9.3890645982948e-10,2.12533342766058,4.12825539939813,73.0836185320805,0.541854903085045,"REML",3.71896377755315e-07,9.02737767291327
"Tpd52","ENSMUSG00000027506",4,0.749997916143578,0.122833850164611,6.10579180851612,1.02292275743292e-09,0.509247993738551,0.990747838548605,0,0,"REML",3.9575216261986e-07,8.99015715933493
"Apoe","ENSMUSG00000002985",4,3.39549613936589,0.55742217273649,6.09142640074176,1.11909033237573e-09,2.3029687566183,4.48802352211348,56.3501167581445,0.669068191806625,"REML",4.23117881122786e-07,8.9511348560374
"Fxyd5","ENSMUSG00000009687",4,1.96305492675841,0.323907841685792,6.06053535641991,1.35669223845785e-09,1.32820722274415,2.59790263077266,6.61319410390134,0.030401173186111,"REML",5.01554046199661e-07,8.86751865956093
"Axl","ENSMUSG00000002602",4,3.45972576849639,0.576855579679271,5.99755968455741,2.00304756164492e-09,2.32910960804404,4.59034192894874,71.3138709242582,0.85920961774158,"REML",7.24406505120107e-07,8.6983087384175
"Klf3","ENSMUSG00000029178",4,-0.510907641863582,0.0855951871384444,-5.96888281857744,2.38883594962424e-09,-0.678671125904899,-0.343144157822265,7.64976953867783e-05,3.59524079509805e-08,"REML",8.45546273573379e-07,-8.62181367386639
"Nceh1","ENSMUSG00000027698",4,1.33319775854737,0.22568411097642,5.90736207692826,3.47629152413913e-09,0.890865029150648,1.7755304879441,0,0,"REML",1.20482470407455e-06,8.45888381046959
"Ggta1","ENSMUSG00000035778",4,-0.627076204699936,0.10735490153574,-5.84115113263994,5.18413466432328e-09,-0.83748794527383,-0.416664464126042,0,0,"REML",1.76006661787106e-06,-8.28532372565349
"Ifitm3","ENSMUSG00000025492",4,2.74001224757967,0.470826347756776,5.81958138204096,5.89951942875562e-09,1.81720956300386,3.66281493215548,48.4224388030748,0.407007409833397,"REML",1.96288810433557e-06,8.2291833642799
"Nlrc5","ENSMUSG00000074151",4,2.27093433065315,0.398045518299197,5.70521266099564,1.16197921821752e-08,1.49077945057914,3.05108921072715,62.1098286392944,0.365269475345441,"REML",3.79033064201309e-06,7.93480163915237
"Cass4","ENSMUSG00000074570",4,-0.93183398548472,0.166693692196164,-5.59009746084539,2.2694219952859e-08,-1.25854761863921,-0.605120352330232,8.21039555295513,0.00992325129013834,"REML",7.26040467568775e-06,-7.64408474026156
"Mtss1","ENSMUSG00000022353",4,-0.763131102698513,0.138075230273198,-5.52692254207048,3.25896756367623e-08,-1.03375358119106,-0.492508624205969,0,0,"REML",1.02294687527015e-05,-7.48691996202228
"Gas2l3","ENSMUSG00000074802",4,2.33067792707662,0.422395770021803,5.51775868152354,3.43350464633787e-08,1.50279743061183,3.15855842354142,66.9383911256691,0.452913773969003,"REML",1.05777376474957e-05,7.46426236056698
"Cx3cr1","ENSMUSG00000052336",4,-0.595902454235748,0.108185606247388,-5.50814914206886,3.62626126731868e-08,-0.807942346126259,-0.383862562345236,0,0,"REML",1.09684513532934e-05,-7.44054090877136
"Zeb2","ENSMUSG00000026872",4,0.476666665933886,0.0868340356684859,5.48939896970469,4.03303720427918e-08,0.306475083391388,0.646858248476385,7.40481644217336e-05,3.08304953223292e-08,"REML",1.19810012375694e-05,7.39436777165997
"Ctsb","ENSMUSG00000021939",4,1.08269366964214,0.197738053632958,5.47539358130755,4.36540246156671e-08,0.695134206148498,1.47025313313579,48.5535992595433,0.0707310588701842,"REML",1.2740848307127e-05,7.35997571100074
"Nid2","ENSMUSG00000021806",4,-1.08776037552969,0.199003346674818,-5.46604061542315,4.6019893530164e-08,-1.47779976781527,-0.697720983244107,24.4667535406306,0.039972327023604,"REML",1.31997749787553e-05,-7.33705439043304
"Il6ra","ENSMUSG00000027947",4,-0.474017285212916,0.0877769716271686,-5.40024651598027,6.65493840205254e-08,-0.646056988274161,-0.301977582151671,11.4795257600176,0.0040128452940714,"REML",1.81494352879584e-05,-7.17685595998983
"Stat2","ENSMUSG00000040033",4,1.20171009016094,0.222435872866943,5.40250129024729,6.57179846275624e-08,0.765743790472005,1.63767638984988,48.7793547173284,0.090794420397613,"REML",1.81494352879584e-05,7.18231576353505
"Tjp1","ENSMUSG00000030516",4,-0.489738790640015,0.0906111867230939,-5.40483805974915,6.48669716801506e-08,-0.667333453213713,-0.312144128066317,0,0,"REML",1.81494352879584e-05,-7.18797637666973
"Chst1","ENSMUSG00000027221",4,1.11304637125393,0.207912976999153,5.35342424180893,8.63051784006582e-08,0.705544424417083,1.52054831809077,0.000720627938669794,1.44382611902337e-06,"REML",2.31576281915056e-05,7.06396314538143
"Sdc3","ENSMUSG00000025743",4,1.90367619427832,0.357770870581166,5.32093680848296,1.03234259697637e-07,1.2024581732217,2.60489421533495,67.4185775180205,0.314731960404877,"REML",2.72603991163475e-05,6.98617615223888
"Spp1","ENSMUSG00000029304",4,7.36103750614025,1.39013107641818,5.29521109988184,1.18878999177993e-07,4.63643066257071,10.0856443497098,88.0461144425018,6.75867880244735,"REML",3.09011098488296e-05,6.92489485981924
"H2-K1","ENSMUSG00000061232",3,1.50010663625121,0.284212674351828,5.27811308792732,1.30520910004173e-07,0.943060030571815,2.0571532419306,76.1027401995311,0.159176011022434,"REML",3.3405320905068e-05,6.88431990693126
"Lgals3bp","ENSMUSG00000033880",4,2.35876015748652,0.467304269509317,5.04758957148688,4.47419024307842e-07,1.44286061942646,3.27465969554658,78.1062711012204,0.617774890877504,"REML",0.00011277671043008,6.34928555359598
"Adar","ENSMUSG00000027951",4,0.715963909530953,0.143062504498364,5.00455316395736,5.59917579643029e-07,0.43556655317606,0.996361265885847,1.30330287169588,0.0015187563347791,"REML",0.000136982189043256,6.25187589681631
"Oas3","ENSMUSG00000032661",4,2.99091971956133,0.597344057149642,5.00703017593103,5.52762638273013e-07,1.82014688116899,4.16169255795366,0.000183325211042348,2.92139168352954e-06,"REML",0.000136982189043256,6.25746131899894
"Slc2a6","ENSMUSG00000036067",4,2.89925895925491,0.580197253788705,4.99702289233992,5.82221592018229e-07,1.76209323790001,4.03642468060982,49.8191587884258,0.656765184807364,"REML",0.000140374469635004,6.23491169254117
"Enpp1","ENSMUSG00000037370",4,1.12852002909571,0.227190705977516,4.96728078835845,6.78982419905495e-07,0.68323442775755,1.57380563043387,0,0,"REML",0.000161365021964969,6.16814147025098
"Adgrg1","ENSMUSG00000031785",4,-0.476387128724833,0.0965580622978117,-4.93368567458949,8.06922608576599e-07,-0.665637453245519,-0.287136804204147,0,0,"REML",0.000189069922764511,-6.09316811618235
"Milr1","ENSMUSG00000040528",4,0.92417251418703,0.188221753493977,4.91001968173992,9.1067252358424e-07,0.555264656231858,1.2930803721422,0.000201078321479076,4.06749997953532e-07,"REML",0.000210415945865936,6.04063776657093
"Cd44","ENSMUSG00000005087",4,1.94218114888499,0.39761825517298,4.88453717508534,1.03672082254263e-06,1.16286368915029,2.72149860861969,32.0122226169687,0.201642665696599,"REML",0.000236258734298893,5.98433817857021
"Adrb2","ENSMUSG00000045730",4,-0.603330473274862,0.123624053132563,-4.88036476710487,1.05889803623523e-06,-0.845629165037552,-0.361031781512172,17.9259394190483,0.0116952605503608,"REML",0.000238051726092017,-5.97514585710909
"Slfn2","ENSMUSG00000072620",4,1.32448924651005,0.273188181946708,4.84826699702705,1.24544701687476e-06,0.789050248892525,1.85992824412757,41.7055486450685,0.122204033556035,"REML",0.000276256754303047,5.90467474325261
"Ptgs1","ENSMUSG00000047250",4,-0.480156480388292,0.0993937316359616,-4.83085273573295,1.35949532668578e-06,-0.674964614683816,-0.285348346092768,16.3642984385132,0.00729106884539855,"REML",0.000297586371772956,-5.86662228097686
"Cmtm6","ENSMUSG00000032434",4,-0.529690199315994,0.109762928951887,-4.82576589722906,1.39466254505946e-06,-0.744821586899322,-0.314558811732666,31.0569342886529,0.0147947565778881,"REML",0.000301319559735184,-5.85553086231688
"Dna2","ENSMUSG00000036875",4,1.99424969606457,0.420545124028464,4.74205877590816,2.11557221964918e-06,1.16999639909485,2.81850299303429,27.616539453673,0.196794470151319,"REML",0.000451213582642099,5.67457214449493
"Anxa5","ENSMUSG00000027712",4,1.22561951511762,0.260444740683664,4.70587162520687,2.52783559533466e-06,0.715157203414763,1.73608182682047,33.7876596122622,0.090818186570789,"REML",0.000532183143198975,5.59725117499438
"Filip1l","ENSMUSG00000043336",4,-0.641999002142386,0.136498048087618,-4.70335664968842,2.55918799326268e-06,-0.909530260354133,-0.374467743930639,0,0,"REML",0.000532183143198975,-5.5918978104638
"Rtp4","ENSMUSG00000033355",4,1.85362358185965,0.398947037902659,4.64628987247156,3.37958035092324e-06,1.07170175583151,2.6355454078878,71.0318722932183,0.418978589691591,"REML",0.000694107391579741,5.47113722356647
"Fam20c","ENSMUSG00000025854",4,1.85346816853952,0.400382256457731,4.62924652290428,3.66998652893089e-06,1.06873336583349,2.63820297124555,50.818737878086,0.318358750036582,"REML",0.000744559706040175,5.43533552986827
"Sp100","ENSMUSG00000026222",4,1.70550419665608,0.372586544855499,4.57747124850558,4.70630449695702e-06,0.975247987615089,2.43576040569708,71.4703452610003,0.358645266635859,"REML",0.000943302188088879,5.32731997748509
"Sall1","ENSMUSG00000031665",4,-0.482839885294485,0.105652650721766,-4.5700688245488,4.87564068524039e-06,-0.689915275580336,-0.275764495008635,48.6193613877419,0.0196917221552067,"REML",0.00096560902904356,-5.31196830759986
"Ifit2","ENSMUSG00000045932",4,2.24243931255847,0.497332587135443,4.50893299687954,6.51544802288747e-06,1.26768535343487,3.21719327168206,71.7297468097746,0.688176331840973,"REML",0.0012751881565736,5.18605571545748
"Ctsz","ENSMUSG00000016256",4,0.511516803620978,0.114222497257207,4.4782491707316,7.52577290105984e-06,0.287644822772628,0.735388784469329,0,0,"REML",0.00145579951141897,5.12344889115895
"Ifi211","ENSMUSG00000026536",4,2.47916942617619,0.555501871771838,4.46293622426255,8.08441209071165e-06,1.3904057641588,3.56793308819358,51.3257015302524,0.619546805062667,"REML",0.00154588827058712,5.09235155708638
"Zfp703","ENSMUSG00000085795",3,-0.64048216140659,0.144034771969614,-4.44671902935848,8.71917604737301e-06,-0.922785126988472,-0.358179195824708,24.4787511735108,0.017016238762345,"REML",0.00164832059913747,-5.0595245534833
"Jam2","ENSMUSG00000053062",4,-0.46924792607167,0.106072371626707,-4.42384684037291,9.6958769998692e-06,-0.677145954214764,-0.261349897928576,0,0,"REML",0.00181236640190813,-5.01341290252359
"Plin2","ENSMUSG00000028494",4,1.2792730762356,0.289710608694126,4.41569289437463,1.00686947487976e-05,0.711450717255937,1.84709543521526,4.53797581791816,0.0182057662432481,"REML",0.00186114228712219,4.99702682538835
"Myo18b","ENSMUSG00000072720",4,-0.69940556878052,0.159836513441878,-4.37575591283684,1.21012371245869e-05,-1.01267937854105,-0.386131759019988,0,0,"REML",0.00221226572312778,-4.91717022894658
"Treml2","ENSMUSG00000071068",4,1.47470548810518,0.338375303977983,4.35819479367542,1.31139639944417e-05,0.811502079050544,2.13790889715982,40.9971449420245,0.183009572291528,"REML",0.0023713467936036,4.88226601306212
"Cttnbp2nl","ENSMUSG00000062127",4,-0.319537091167446,0.0733865764246262,-4.35416266482516,1.33576497015429e-05,-0.46337213790841,-0.175702044426482,0,0,"REML",0.00238943935951471,-4.8742699499027
"Ptms","ENSMUSG00000030122",3,0.424350710358541,0.0977086606841888,4.34302043838381,1.40537054001852e-05,0.232845254439886,0.615856166277196,2.87088699404812,0.00102165780828829,"REML",0.00246102571618402,4.85220915457103
"Sema4b","ENSMUSG00000030539",4,-1.73225700963093,0.398851986221825,-4.34310739189229,1.40481418555082e-05,-2.51399253778797,-0.950521481473887,80.1086409630538,0.469099859410355,"REML",0.00246102571618402,-4.85238111599141
"Cd72","ENSMUSG00000028459",4,3.0161950893636,0.69621890276818,4.33225107415376,1.47592491451276e-05,1.65163111458197,4.38075906414523,79.082476306337,1.32706075775811,"REML",0.00255765488310773,4.83093573603753
"Mki67","ENSMUSG00000031004",4,1.3304773933956,0.307484436801856,4.32697474784052,1.51171284855881e-05,0.727818971457376,1.93313581533382,0,0,"REML",0.00259266545862106,4.82053069569319
"Samhd1","ENSMUSG00000027639",4,0.396748167132964,0.0918611674051669,4.31899766070954,1.56739443306313e-05,0.216703587441032,0.576792746824896,0,0,"REML",0.00265558057941419,4.80482170005518
"Sting1","ENSMUSG00000024349",4,-0.393578419056953,0.0911655374970555,-4.3171842108611,1.5803226578625e-05,-0.572259589182418,-0.214897248931489,0,0,"REML",0.00265558057941419,-4.80125423315755
"Ikbke","ENSMUSG00000042349",4,2.96645894127603,0.693465793535752,4.27772929671273,1.8880943089769e-05,1.60729096143546,4.32562692111659,55.7120997263857,1.02516126424904,"REML",0.00314103369241397,4.7239763167936
"Slc2a5","ENSMUSG00000028976",4,-1.38507006496813,0.324061679355874,-4.27409395557409,1.91916100776886e-05,-2.02021928527521,-0.749920844661049,81.2891734264901,0.280523112394542,"REML",0.00316110520051908,-4.71688858865572
"Oas1g","ENSMUSG00000066861",4,3.48183759389237,0.81525992474738,4.27083128729929,1.94745695789054e-05,1.88395750334867,5.07971768443607,57.5630209437547,1.4867422160281,"REML",0.00317626411288893,4.71053213219568
"Gsap","ENSMUSG00000039934",4,0.515841069089573,0.121216123217066,4.25554831650437,2.08537323255224e-05,0.278261833238554,0.753420304940592,0,0,"REML",0.00336818146570282,4.68081620527936
"Tbc1d8","ENSMUSG00000003134",4,0.617497160993133,0.145416541857912,4.24640245947051,2.17230284394769e-05,0.332485976195265,0.902508345791001,0,0,"REML",0.00347484904922247,4.6630796292273
"Hpgd","ENSMUSG00000031613",4,-0.471875410715699,0.111724227953561,-4.2235728038491,2.40459644672125e-05,-0.690850873705223,-0.252899947726176,21.5788337916411,0.0111690127634615,"REML",0.00380979680834806,-4.61895779898576
"Rap2b","ENSMUSG00000036894",4,1.03433682359341,0.245915333365372,4.20606885076432,2.59851099011028e-05,0.552351626951123,1.5163220202357,0,0,"REML",0.00407819139919571,4.58527544203752
"Chd4","ENSMUSG00000063870",4,0.439444458723667,0.10514030945139,4.17960020297294,2.92022026990511e-05,0.233373238875546,0.645515678571788,0,0,"REML",0.00454026022524686,4.5345843888268
"Aplp2","ENSMUSG00000031996",4,0.571265957841539,0.136880548126094,4.1734634004774,3.0000387302021e-05,0.302985013330293,0.839546902352784,0,0,"REML",0.00462117076996686,4.52287313854551
"Ptma","ENSMUSG00000026238",3,0.367671285718647,0.0884410975607498,4.15724471834031,3.22108894262644e-05,0.194329919746384,0.54101265169091,0,0,"REML",0.00491615005959022,4.49199728301683
"Pbxip1","ENSMUSG00000042613",4,0.451313424135211,0.10863126848934,4.15454436288294,3.25936378238515e-05,0.238400050301204,0.664226797969219,22.1802293871499,0.0109208321570783,"REML",0.00492934326215994,4.4868671645838
"Xdh","ENSMUSG00000024066",4,2.67880018357072,0.646268075135362,4.14502941834105,3.39770086764426e-05,1.41213803194738,3.94546233519405,54.9105541064175,0.864784632900086,"REML",0.00504679925304732,4.46881485891311
"Znfx1","ENSMUSG00000039501",4,0.477417875553232,0.115144863936629,4.14623682925176,3.37984242415765e-05,0.251738089232675,0.703097661873789,0,0,"REML",0.00504679925304732,4.4711035470342
"Lgals3","ENSMUSG00000050335",4,2.60965042043858,0.630537517061925,4.13877104822977,3.49171183894821e-05,1.3738195960959,3.84548124478126,50.8156773068086,0.773693483187284,"REML",0.00514054142944624,4.45696160457659
"Maf","ENSMUSG00000055435",4,-0.419891137964463,0.101865864576633,-4.12200043370349,3.75596493576625e-05,-0.619544563788699,-0.220237712140228,26.2316166797262,0.0109993167545709,"REML",0.00543341153664412,-4.42527847079206
"Rps18","ENSMUSG00000008668",3,0.79801501952305,0.193509840555731,4.12389890473411,3.72512444786557e-05,0.41874270137973,1.17728733766637,57.6122812125896,0.0601074186851347,"REML",0.00543341153664412,4.42885921389059
"Myo1f","ENSMUSG00000024300",4,0.403707179168782,0.0987521888153535,4.08808335300429,4.34951882545073e-05,0.210156445696191,0.597257912641374,0,0,"REML",0.00623780992932744,4.36155878511665
"Zbp1","ENSMUSG00000027514",4,4.24700041065309,1.03982346269249,4.08434754843484,4.42008338960951e-05,2.20898387349609,6.2850169478101,86.8740767514466,3.56587237682681,"REML",0.00628482968115759,4.35456953714285
"Entpd1","ENSMUSG00000048120",4,-0.395973499850478,0.09725244344504,-4.07160463864596,4.66903794510547e-05,-0.586584786411275,-0.205362213289682,0.0906637177269139,4.5462066259362e-05,"REML",0.00658255214023513,-4.33077259655903
"Chst2","ENSMUSG00000033350",4,2.62419289965128,0.649750057041363,4.03877286537002,5.37315631719034e-05,1.35070618889736,3.8976796104052,89.4746488096366,1.44839290566459,"REML",0.0075115822262839,4.26977052464521
"Cysltr1","ENSMUSG00000052821",4,-0.494475876623172,0.122650473184152,-4.03158556005527,5.54018201606388e-05,-0.734866386750905,-0.254085366495439,0,0,"REML",0.00768053900160323,-4.25647596681063
"Ifi207","ENSMUSG00000073490",3,2.19850083012341,0.547092078183569,4.01852068014359,5.8564669884003e-05,1.12622006065644,3.27078159959037,51.8241269273131,0.438768384538886,"REML",0.00798591678844486,4.23236430039242
"Vim","ENSMUSG00000026728",4,1.27725760493959,0.317692235153443,4.02042437179078,5.80933972470087e-05,0.654592265870812,1.89992294400837,0,0,"REML",0.00798591678844486,4.23587322564998
"Ctsd","ENSMUSG00000007891",4,0.44586828437348,0.111883303355176,3.98511905711313,6.7446300077269e-05,0.226581039325966,0.665155529420994,0,0,"REML",0.00912224917142639,4.17104186956656
"Cd300lf","ENSMUSG00000047798",3,2.21996546212511,0.560623558395684,3.95981479707686,7.50079108742863e-05,1.12116347878489,3.31876744546534,20.4320262229613,0.205002942572128,"REML",0.00998265284243702,4.12489293037005
"Trim34a","ENSMUSG00000056144",4,0.601145659477722,0.151743195223967,3.96159879585014,7.44495645985467e-05,0.303734461939715,0.898556857015729,18.0951789006563,0.0177394671437023,"REML",0.00998265284243702,4.12813783777751
"Rgs2","ENSMUSG00000026360",4,-0.324303251525634,0.0821943685747317,-3.94556533676362,7.96119191759144e-05,-0.485401253664119,-0.16320524938715,0,0,"REML",0.0105113006937342,-4.09902190657374
"Cox4i1","ENSMUSG00000031818",4,0.731755018356686,0.187195858318082,3.90903423254853,9.26658335515774e-05,0.364857877998183,1.09865215871519,28.5242739915422,0.0405095392739792,"REML",0.0120913034708352,4.03308036332222
"Rpl19","ENSMUSG00000017404",3,0.750320837342318,0.191992175389025,3.90808029453271,9.30323902540815e-05,0.374023088266331,1.1266185864183,49.0451791872699,0.0523065704871856,"REML",0.0120913034708352,4.03136582069815
"Ckb","ENSMUSG00000001270",3,-0.44747040218561,0.115177803029868,-3.88504026309281,0.000102312930909497,-0.6732147479426,-0.22172605642862,0,0,"REML",0.013194402469848,-3.99006947413002
"Dapp1","ENSMUSG00000028159",4,-0.471525926978788,0.121644773226122,-3.87625308078206,0.000106077351540781,-0.709945301409529,-0.233106552548048,28.0262923960846,0.0167018652923588,"REML",0.013574637078711,-3.97437733194065
"H2-Q4","ENSMUSG00000035929",4,1.55382853785782,0.402918367691625,3.85643510560194,0.000115052623318741,0.764123048472563,2.34353402724307,74.5629427003175,0.424437559385418,"REML",0.0146108048971799,3.93910347451933
"Klhl9","ENSMUSG00000070923",4,-0.490439077075677,0.127505969538106,-3.84640090854026,0.000119865575197903,-0.740346185184226,-0.240531968967128,17.2742873070654,0.0121866417405187,"REML",0.0151066947650933,-3.9213055262276
"Gm5431","ENSMUSG00000058163",3,1.19487065556964,0.313687396069717,3.80911273624804,0.000139466361295706,0.580054656868844,1.80968665427044,51.7696914655561,0.146907477458991,"REML",0.0172573394993014,3.85553052977633
"Gpr65","ENSMUSG00000021886",4,1.81427470276238,0.476425942957507,3.80809384875205,0.000140042127458865,0.880497013265131,2.74805239225963,54.3840747004901,0.459938878360388,"REML",0.0172573394993014,3.85374130024471
"Serinc3","ENSMUSG00000017707",4,-0.314424182354019,0.0825654421429772,-3.80818141577364,0.000139992556146897,-0.47624947532188,-0.152598889386159,0,0,"REML",0.0172573394993014,-3.85389505653801
"Cybb","ENSMUSG00000015340",4,1.66243417931219,0.439258141016361,3.78464056571754,0.000153930886325387,0.80150404300411,2.52336431562028,72.8241439983465,0.512411543352085,"REML",0.0188293693008025,3.81267422997455
"Oaz1","ENSMUSG00000035242",4,0.438868455588623,0.116030228030151,3.78236312243203,0.000155346519847312,0.211453387531557,0.666283523645689,0,0,"REML",0.0188638299575174,3.80869847158852
"Gpr165","ENSMUSG00000031210",4,-1.75568408970719,0.464896042899096,-3.77650899921352,0.000159041815860509,-2.66686359034461,-0.844504589069776,82.7009983318377,0.66591844810901,"REML",0.019172606149677,-3.79848867435963
"Ecscr","ENSMUSG00000073599",4,-0.573857163717536,0.152494537533135,-3.76313258822693,0.000167798180237526,-0.872740965121572,-0.2749733623135,13.0658209375159,0.0130177874813676,"REML",0.0199392180459392,-3.77521275338268
"Tgtp2","ENSMUSG00000078921",3,1.80737781432985,0.480073818316961,3.7647914661669,0.000166688133856585,0.866450420507986,2.74830520815172,25.4415587674939,0.213265572195071,"REML",0.0199392180459392,3.77809531549312
"Gprasp1","ENSMUSG00000043384",4,-0.501875186086468,0.133808676235513,-3.75069240804036,0.000176346923638398,-0.764135372327053,-0.239614999845883,18.183787036063,0.0140681775404202,"REML",0.0208064356145276,-3.75363211217183
"Il4i1","ENSMUSG00000074141",3,0.874076062884325,0.233275877214613,3.74696292356101,0.000178988529656533,0.416863745081696,1.33128838068695,0,0,"REML",0.0209693885870851,3.74717479955915
"Lpcat2","ENSMUSG00000033192",4,-0.248928564903311,0.0667588158415919,-3.72877442125366,0.000192413296438368,-0.379773439603373,-0.118083690203249,0,0,"REML",0.0223845286681727,-3.71576491997863
"Fyb1","ENSMUSG00000022148",4,0.36507419435608,0.0982473360767228,3.71586863251934,0.000202506782961314,0.172512954068701,0.55763543464346,32.6621513390788,0.012340323028074,"REML",0.0233951586204474,3.69356042551927
"Pik3cg","ENSMUSG00000020573",4,-0.339163158328591,0.0924169402348998,-3.6699241228559,0.000242622475954798,-0.520297032750385,-0.158029283906797,0,0,"REML",0.0278363276550622,-3.61506896962359
"Csf3r","ENSMUSG00000028859",4,0.267234477192427,0.0734249099424147,3.63956152485597,0.000273102681931987,0.123324298137197,0.411144656247657,0,0,"REML",0.0311187412097297,3.56367403496629
"Gla","ENSMUSG00000031266",4,1.3431189811906,0.37134192020597,3.61693336546981,0.000298114008500989,0.615302191636952,2.07093577074425,11.9025913167757,0.0693811235852109,"REML",0.0337375826219214,3.52561761580992
"Iigp1c","ENSMUSG00000073555",4,1.82651713955556,0.505858476165911,3.610727556449,0.000305339272479337,0.835052744996058,2.81798153411506,58.1290504051709,0.58370490818274,"REML",0.0343217847092314,3.51521733351933
"Rpl14-ps1","ENSMUSG00000046721",4,0.789169791935089,0.221128344142431,3.56883146299318,0.000358576992110722,0.355766201454946,1.22257338241523,32.4671700754362,0.0632055462685413,"REML",0.0400354821527112,3.44541758013892
"Pecam1","ENSMUSG00000020717",4,-0.702593268030567,0.19780032756438,-3.5520328842827,0.000382267083260396,-1.09027478618698,-0.314911749874157,0,0,"REML",0.0419694628667206,-3.4176330971519
"Usp22","ENSMUSG00000042506",4,-0.443956491561092,0.124985966320068,-3.5520507192319,0.000382241173404923,-0.688924484121362,-0.198988499000823,7.09058983459669,0.00491301773981039,"REML",0.0419694628667206,-3.41766253439385
"Vsir","ENSMUSG00000020101",4,-0.527435083767444,0.148522719035646,-3.55120810601952,0.000383467080773114,-0.818534263963271,-0.236335903571617,56.9319221242555,0.0459763145329478,"REML",0.0419694628667206,-3.4162719126856
"Nrip1","ENSMUSG00000048490",4,-0.471204314107448,0.132921144643939,-3.54499139598657,0.000392625902150593,-0.731724970393407,-0.210683657821489,40.7341231765602,0.0271706429068666,"REML",0.0426910098573677,-3.40602105269831
"Ank","ENSMUSG00000022265",4,0.73467233591253,0.207598808029336,3.53890440357785,0.000401791328414171,0.327786148941587,1.14155852288347,32.9279407897138,0.0546172407699009,"REML",0.0433986802398817,3.39599944056565
"Igf1","ENSMUSG00000020053",4,3.2828398713501,0.92808285355031,3.53722715465742,0.000404351733420394,1.46383090372234,5.10184883897787,80.8349542672578,2.6994977068817,"REML",0.0433986802398817,3.39324069076705
"Gcnt1","ENSMUSG00000038843",4,-0.280784383551274,0.079620643859016,-3.52652741729216,0.000421047568193122,-0.436837977940836,-0.124730789161713,0,0,"REML",0.0449009445157742,-3.37566883661853
"Abcf1","ENSMUSG00000038762",4,0.432405392773328,0.122751409614569,3.52261040529839,0.000427319016639191,0.191817050877248,0.672993734669408,15.154452913451,0.00976804104113633,"REML",0.045279485100698,3.36924777968995
"Itga9","ENSMUSG00000039115",4,-0.467566279791666,0.132873114950934,-3.51889304291785,0.000433351377876118,-0.727992799609148,-0.207139759974185,0,0,"REML",0.0455187233494843,-3.36315981822313
"Ppm1l","ENSMUSG00000027784",4,-0.63899267242403,0.181728637774732,-3.51619139530509,0.000437785269050102,-0.995174257422031,-0.282811087426029,0,0,"REML",0.0455187233494843,-3.35873885601132
"Tab2","ENSMUSG00000015755",4,-0.230911211953671,0.0656465993641609,-3.51748931689118,0.000435649886343546,-0.359576182414957,-0.102246241492386,0,0,"REML",0.0455187233494843,-3.36086239493273
