"id","gene"
"10090.ENSMUSP00000015712","Lpl"
"10090.ENSMUSP00000031840","Gpnmb"
"10090.ENSMUSP00000141132","Stat1"
"10090.ENSMUSP00000095070","Ifi213"
"10090.ENSMUSP00000127857","Phf11b"
"10090.ENSMUSP00000104459","Helz2"
"10090.ENSMUSP00000017974","Dhx58"
"10090.ENSMUSP00000079198","Oas1a"
"10090.ENSMUSP00000033053","Itgax"
"10090.ENSMUSP00000079691","Atp1a3"
"10090.ENSMUSP00000024884","Eif2ak2"
"10090.ENSMUSP00000106845","Ifi204"
"10090.ENSMUSP00000020970","Rsad2"
"10090.ENSMUSP00000031542","Oasl2"
"10090.ENSMUSP00000046131","Fgl2"
"10090.ENSMUSP00000128401","Tap1"
"10090.ENSMUSP00000026902","Rassf3"
"10090.ENSMUSP00000029046","Fabp5"
"10090.ENSMUSP00000078572","Tor3a"
"10090.ENSMUSP00000014743","Csf1"
"10090.ENSMUSP00000048736","Ptger4"
"10090.ENSMUSP00000019248","Cd22"
"10090.ENSMUSP00000080209","Oas2"
"10090.ENSMUSP00000086606","Cst7"
"10090.ENSMUSP00000134570","H2-D1"
"10090.ENSMUSP00000021201","Cpd"
"10090.ENSMUSP00000054104","Hcar2"
"10090.ENSMUSP00000061900","Ifi209"
"10090.ENSMUSP00000000696","Cd52"
"10090.ENSMUSP00000134550","H2-Q6"
"10090.ENSMUSP00000032198","Usp18"
"10090.ENSMUSP00000001834","Rtcb"
"10090.ENSMUSP00000073880","Rps7"
"10090.ENSMUSP00000020969","Cmpk2"
"10090.ENSMUSP00000142518","Gbp6"
"10090.ENSMUSP00000025542","Psat1"
"10090.ENSMUSP00000025409","Lox"
"10090.ENSMUSP00000026571","Irf7"
"10090.ENSMUSP00000091943","Tpd52"
"10090.ENSMUSP00000133302","Apoe"
"10090.ENSMUSP00000009831","Fxyd5"
"10090.ENSMUSP00000002677","Axl"
"10090.ENSMUSP00000129363","Klf3"
"10090.ENSMUSP00000045864","Nceh1"
"10090.ENSMUSP00000099858","Ggta1"
"10090.ENSMUSP00000026565","Ifitm3"
"10090.ENSMUSP00000148677","Nlrc5"
"10090.ENSMUSP00000104764","Cass4"
"10090.ENSMUSP00000079239","Mtss1"
"10090.ENSMUSP00000096973","Gas2l3"
"10090.ENSMUSP00000150463","Cx3cr1"
"10090.ENSMUSP00000134849","Zeb2"
"10090.ENSMUSP00000006235","Ctsb"
"10090.ENSMUSP00000022340","Nid2"
"10090.ENSMUSP00000029559","Il6ra"
"10090.ENSMUSP00000082855","Stat2"
"10090.ENSMUSP00000099652","Tjp1"
"10090.ENSMUSP00000064246","Chst1"
"10090.ENSMUSP00000065877","Sdc3"
"10090.ENSMUSP00000084043","Spp1"
"10090.ENSMUSP00000025181","H2-K1"
"10090.ENSMUSP00000035579","Lgals3bp"
"10090.ENSMUSP00000103028","Adar"
"10090.ENSMUSP00000035588","Oas3"
"10090.ENSMUSP00000049103","Slc2a6"
"10090.ENSMUSP00000114273","Enpp1"
"10090.ENSMUSP00000137520","Adgrg1"
"10090.ENSMUSP00000083538","Milr1"
"10090.ENSMUSP00000005218","Cd44"
"10090.ENSMUSP00000062256","Adrb2"
"10090.ENSMUSP00000035562","Slfn2"
"10090.ENSMUSP00000059977","Ptgs1"
"10090.ENSMUSP00000035007","Cmtm6"
"10090.ENSMUSP00000115750","Dna2"
"10090.ENSMUSP00000029266","Anxa5"
"10090.ENSMUSP00000124179","Filip1l"
"10090.ENSMUSP00000147521","Rtp4"
"10090.ENSMUSP00000026972","Fam20c"
"10090.ENSMUSP00000066399","Sp100"
"10090.ENSMUSP00000034090","Sall1"
"10090.ENSMUSP00000099890","Ifit2"
"10090.ENSMUSP00000016400","Ctsz"
"10090.ENSMUSP00000009340","Ifi211"
"10090.ENSMUSP00000128757","Zfp703"
"10090.ENSMUSP00000109833","Jam2"
"10090.ENSMUSP00000000466","Plin2"
"10090.ENSMUSP00000083810","Myo18b"
"10090.ENSMUSP00000156527","Treml2"
"10090.ENSMUSP00000076751","Cttnbp2nl"
"10090.ENSMUSP00000032216","Ptms"
"10090.ENSMUSP00000032754","Sema4b"
"10090.ENSMUSP00000030179","Cd72"
"10090.ENSMUSP00000033310","Mki67"
"10090.ENSMUSP00000059717","Samhd1"
"10090.ENSMUSP00000111393","Sting1"
"10090.ENSMUSP00000054126","Ikbke"
"10090.ENSMUSP00000030826","Slc2a5"
"10090.ENSMUSP00000083555","Oas1g"
"10090.ENSMUSP00000043679","Gsap"
"10090.ENSMUSP00000049967","Tbc1d8"
"10090.ENSMUSP00000034026","Hpgd"
"10090.ENSMUSP00000038841","Rap2b"
"10090.ENSMUSP00000060054","Chd4"
"10090.ENSMUSP00000072428","Aplp2"
"10090.ENSMUSP00000044188","Ptma"
"10090.ENSMUSP00000040429","Pbxip1"
"10090.ENSMUSP00000024866","Xdh"
"10090.ENSMUSP00000049404","Znfx1"
"10090.ENSMUSP00000118169","Lgals3"
"10090.ENSMUSP00000104732","Maf"
"10090.ENSMUSP00000008812","Rps18"
"10090.ENSMUSP00000084887","Myo1f"
"10090.ENSMUSP00000029018","Zbp1"
"10090.ENSMUSP00000116285","Entpd1"
"10090.ENSMUSP00000040775","Chst2"
"10090.ENSMUSP00000109108","Cysltr1"
"10090.ENSMUSP00000048129","Ifi207"
"10090.ENSMUSP00000028062","Vim"
"10090.ENSMUSP00000121203","Ctsd"
"10090.ENSMUSP00000102171","Cd300lf"
"10090.ENSMUSP00000055058","Trim34a"
"10090.ENSMUSP00000115558","Rgs2"
"10090.ENSMUSP00000138019","Cox4i1"
"10090.ENSMUSP00000017548","Rpl19"
"10090.ENSMUSP00000001304","Ckb"
"10090.ENSMUSP00000029806","Dapp1"
"10090.ENSMUSP00000080159","H2-Q4"
"10090.ENSMUSP00000092602","Klhl9"
"10090.ENSMUSP00000104833","Gm5431"
"10090.ENSMUSP00000074581","Gpr65"
"10090.ENSMUSP00000017851","Serinc3"
"10090.ENSMUSP00000015484","Cybb"
"10090.ENSMUSP00000137400","Oaz1"
"10090.ENSMUSP00000033554","Gpr165"
"10090.ENSMUSP00000095223","Ecscr"
"10090.ENSMUSP00000045025","Tgtp2"
"10090.ENSMUSP00000108769","Gprasp1"
"10090.ENSMUSP00000113726","Il4i1"
"10090.ENSMUSP00000049252","Lpcat2"
"10090.ENSMUSP00000087947","Fyb1"
"10090.ENSMUSP00000062864","Pik3cg"
"10090.ENSMUSP00000101768","Csf3r"
"10090.ENSMUSP00000159121","Gla"
"10090.ENSMUSP00000102408","Pecam1"
"10090.ENSMUSP00000041263","Usp22"
"10090.ENSMUSP00000020301","Vsir"
"10090.ENSMUSP00000112959","Nrip1"
"10090.ENSMUSP00000022875","Ank"
"10090.ENSMUSP00000100937","Igf1"
"10090.ENSMUSP00000133935","Gcnt1"
"10090.ENSMUSP00000036881","Abcf1"
"10090.ENSMUSP00000044227","Itga9"
"10090.ENSMUSP00000029355","Ppm1l"
"10090.ENSMUSP00000121266","Tab2"
