"source","target","combined_score"
"10090.ENSMUSP00000008812","10090.ENSMUSP00000017548",999
"10090.ENSMUSP00000017974","10090.ENSMUSP00000020969",779
"10090.ENSMUSP00000017974","10090.ENSMUSP00000020970",883
"10090.ENSMUSP00000020969","10090.ENSMUSP00000020970",967
"10090.ENSMUSP00000000466","10090.ENSMUSP00000024866",780
"10090.ENSMUSP00000015484","10090.ENSMUSP00000024866",862
"10090.ENSMUSP00000017974","10090.ENSMUSP00000024884",886
"10090.ENSMUSP00000020969","10090.ENSMUSP00000024884",780
"10090.ENSMUSP00000020970","10090.ENSMUSP00000024884",939
"10090.ENSMUSP00000020970","10090.ENSMUSP00000026565",753
"10090.ENSMUSP00000017974","10090.ENSMUSP00000026571",937
"10090.ENSMUSP00000020969","10090.ENSMUSP00000026571",861
"10090.ENSMUSP00000020970","10090.ENSMUSP00000026571",930
"10090.ENSMUSP00000024884","10090.ENSMUSP00000026571",879
"10090.ENSMUSP00000026565","10090.ENSMUSP00000026571",711
"10090.ENSMUSP00000005218","10090.ENSMUSP00000028062",803
"10090.ENSMUSP00000017974","10090.ENSMUSP00000029018",793
"10090.ENSMUSP00000026571","10090.ENSMUSP00000029018",982
"10090.ENSMUSP00000005218","10090.ENSMUSP00000029266",753
"10090.ENSMUSP00000019248","10090.ENSMUSP00000030179",861
"10090.ENSMUSP00000017548","10090.ENSMUSP00000031542",701
"10090.ENSMUSP00000017974","10090.ENSMUSP00000031542",841
"10090.ENSMUSP00000020969","10090.ENSMUSP00000031542",785
"10090.ENSMUSP00000020970","10090.ENSMUSP00000031542",951
"10090.ENSMUSP00000024884","10090.ENSMUSP00000031542",742
"10090.ENSMUSP00000026565","10090.ENSMUSP00000031542",846
"10090.ENSMUSP00000026571","10090.ENSMUSP00000031542",920
"10090.ENSMUSP00000005218","10090.ENSMUSP00000031840",712
"10090.ENSMUSP00000017974","10090.ENSMUSP00000032198",906
"10090.ENSMUSP00000020969","10090.ENSMUSP00000032198",907
"10090.ENSMUSP00000020970","10090.ENSMUSP00000032198",956
"10090.ENSMUSP00000024884","10090.ENSMUSP00000032198",891
"10090.ENSMUSP00000026565","10090.ENSMUSP00000032198",737
"10090.ENSMUSP00000026571","10090.ENSMUSP00000032198",959
"10090.ENSMUSP00000031542","10090.ENSMUSP00000032198",973
"10090.ENSMUSP00000005218","10090.ENSMUSP00000033053",834
"10090.ENSMUSP00000014743","10090.ENSMUSP00000033053",703
"10090.ENSMUSP00000029266","10090.ENSMUSP00000033053",788
"10090.ENSMUSP00000005218","10090.ENSMUSP00000033310",787
"10090.ENSMUSP00000029266","10090.ENSMUSP00000033310",824
"10090.ENSMUSP00000032198","10090.ENSMUSP00000035579",740
"10090.ENSMUSP00000017974","10090.ENSMUSP00000035588",799
"10090.ENSMUSP00000020969","10090.ENSMUSP00000035588",703
"10090.ENSMUSP00000020970","10090.ENSMUSP00000035588",865
"10090.ENSMUSP00000024884","10090.ENSMUSP00000035588",868
"10090.ENSMUSP00000026571","10090.ENSMUSP00000035588",881
"10090.ENSMUSP00000032198","10090.ENSMUSP00000035588",834
"10090.ENSMUSP00000017548","10090.ENSMUSP00000036881",865
"10090.ENSMUSP00000008812","10090.ENSMUSP00000044188",799
"10090.ENSMUSP00000017548","10090.ENSMUSP00000044188",719
"10090.ENSMUSP00000032216","10090.ENSMUSP00000044188",709
"10090.ENSMUSP00000020969","10090.ENSMUSP00000049404",749
"10090.ENSMUSP00000032198","10090.ENSMUSP00000049404",760
"10090.ENSMUSP00000017974","10090.ENSMUSP00000054126",777
"10090.ENSMUSP00000026571","10090.ENSMUSP00000054126",985
"10090.ENSMUSP00000029018","10090.ENSMUSP00000054126",952
"10090.ENSMUSP00000034090","10090.ENSMUSP00000060054",952
"10090.ENSMUSP00000026571","10090.ENSMUSP00000066399",799
"10090.ENSMUSP00000008812","10090.ENSMUSP00000073880",999
"10090.ENSMUSP00000017548","10090.ENSMUSP00000073880",999
"10090.ENSMUSP00000017974","10090.ENSMUSP00000079198",701
"10090.ENSMUSP00000020970","10090.ENSMUSP00000079198",775
"10090.ENSMUSP00000024884","10090.ENSMUSP00000079198",876
"10090.ENSMUSP00000026571","10090.ENSMUSP00000079198",874
"10090.ENSMUSP00000029018","10090.ENSMUSP00000079198",706
"10090.ENSMUSP00000031542","10090.ENSMUSP00000079198",763
"10090.ENSMUSP00000032198","10090.ENSMUSP00000079198",843
"10090.ENSMUSP00000025181","10090.ENSMUSP00000080159",743
"10090.ENSMUSP00000017974","10090.ENSMUSP00000080209",859
"10090.ENSMUSP00000020969","10090.ENSMUSP00000080209",756
"10090.ENSMUSP00000020970","10090.ENSMUSP00000080209",932
"10090.ENSMUSP00000024884","10090.ENSMUSP00000080209",933
"10090.ENSMUSP00000026571","10090.ENSMUSP00000080209",924
"10090.ENSMUSP00000031542","10090.ENSMUSP00000080209",731
"10090.ENSMUSP00000032198","10090.ENSMUSP00000080209",867
"10090.ENSMUSP00000017974","10090.ENSMUSP00000082855",853
"10090.ENSMUSP00000020969","10090.ENSMUSP00000082855",788
"10090.ENSMUSP00000020970","10090.ENSMUSP00000082855",796
"10090.ENSMUSP00000024884","10090.ENSMUSP00000082855",883
"10090.ENSMUSP00000026571","10090.ENSMUSP00000082855",947
"10090.ENSMUSP00000031542","10090.ENSMUSP00000082855",773
"10090.ENSMUSP00000032198","10090.ENSMUSP00000082855",907
"10090.ENSMUSP00000035588","10090.ENSMUSP00000082855",732
"10090.ENSMUSP00000049404","10090.ENSMUSP00000082855",729
"10090.ENSMUSP00000080209","10090.ENSMUSP00000082855",829
"10090.ENSMUSP00000017974","10090.ENSMUSP00000083555",777
"10090.ENSMUSP00000020970","10090.ENSMUSP00000083555",830
"10090.ENSMUSP00000024884","10090.ENSMUSP00000083555",881
"10090.ENSMUSP00000026571","10090.ENSMUSP00000083555",875
"10090.ENSMUSP00000032198","10090.ENSMUSP00000083555",817
"10090.ENSMUSP00000079198","10090.ENSMUSP00000083555",798
"10090.ENSMUSP00000080209","10090.ENSMUSP00000083555",722
"10090.ENSMUSP00000005218","10090.ENSMUSP00000084043",999
"10090.ENSMUSP00000026571","10090.ENSMUSP00000084043",929
"10090.ENSMUSP00000044227","10090.ENSMUSP00000084043",979
"10090.ENSMUSP00000083810","10090.ENSMUSP00000084887",914
"10090.ENSMUSP00000017974","10090.ENSMUSP00000099890",796
"10090.ENSMUSP00000020969","10090.ENSMUSP00000099890",891
"10090.ENSMUSP00000020970","10090.ENSMUSP00000099890",929
"10090.ENSMUSP00000024884","10090.ENSMUSP00000099890",815
"10090.ENSMUSP00000026565","10090.ENSMUSP00000099890",708
"10090.ENSMUSP00000026571","10090.ENSMUSP00000099890",877
"10090.ENSMUSP00000031542","10090.ENSMUSP00000099890",930
"10090.ENSMUSP00000032198","10090.ENSMUSP00000099890",894
"10090.ENSMUSP00000035588","10090.ENSMUSP00000099890",826
"10090.ENSMUSP00000080209","10090.ENSMUSP00000099890",891
"10090.ENSMUSP00000082855","10090.ENSMUSP00000099890",871
"10090.ENSMUSP00000083555","10090.ENSMUSP00000099890",732
"10090.ENSMUSP00000005218","10090.ENSMUSP00000102408",930
"10090.ENSMUSP00000033310","10090.ENSMUSP00000102408",848
"10090.ENSMUSP00000099652","10090.ENSMUSP00000102408",803
"10090.ENSMUSP00000017974","10090.ENSMUSP00000103028",714
"10090.ENSMUSP00000024884","10090.ENSMUSP00000103028",877
"10090.ENSMUSP00000026571","10090.ENSMUSP00000103028",772
"10090.ENSMUSP00000029018","10090.ENSMUSP00000103028",701
"10090.ENSMUSP00000035588","10090.ENSMUSP00000103028",773
"10090.ENSMUSP00000059717","10090.ENSMUSP00000103028",754
"10090.ENSMUSP00000082855","10090.ENSMUSP00000103028",747
"10090.ENSMUSP00000020970","10090.ENSMUSP00000104459",736
"10090.ENSMUSP00000032198","10090.ENSMUSP00000104459",732
"10090.ENSMUSP00000017974","10090.ENSMUSP00000106845",737
"10090.ENSMUSP00000026571","10090.ENSMUSP00000106845",853
"10090.ENSMUSP00000029018","10090.ENSMUSP00000106845",810
"10090.ENSMUSP00000048129","10090.ENSMUSP00000106845",955
"10090.ENSMUSP00000082855","10090.ENSMUSP00000106845",709
"10090.ENSMUSP00000099890","10090.ENSMUSP00000106845",713
"10090.ENSMUSP00000099652","10090.ENSMUSP00000109833",984
"10090.ENSMUSP00000048129","10090.ENSMUSP00000111393",936
"10090.ENSMUSP00000054126","10090.ENSMUSP00000111393",972
"10090.ENSMUSP00000106845","10090.ENSMUSP00000111393",974
"10090.ENSMUSP00000020969","10090.ENSMUSP00000114273",900
"10090.ENSMUSP00000022875","10090.ENSMUSP00000114273",810
"10090.ENSMUSP00000020969","10090.ENSMUSP00000116285",901
"10090.ENSMUSP00000114273","10090.ENSMUSP00000116285",963
"10090.ENSMUSP00000005218","10090.ENSMUSP00000118169",897
"10090.ENSMUSP00000035579","10090.ENSMUSP00000118169",888
"10090.ENSMUSP00000084043","10090.ENSMUSP00000118169",712
"10090.ENSMUSP00000102408","10090.ENSMUSP00000118169",706
"10090.ENSMUSP00000006235","10090.ENSMUSP00000121203",992
"10090.ENSMUSP00000016400","10090.ENSMUSP00000121203",800
"10090.ENSMUSP00000024884","10090.ENSMUSP00000121266",764
"10090.ENSMUSP00000054126","10090.ENSMUSP00000121266",777
"10090.ENSMUSP00000025181","10090.ENSMUSP00000128401",898
"10090.ENSMUSP00000080159","10090.ENSMUSP00000128401",700
"10090.ENSMUSP00000006235","10090.ENSMUSP00000133302",731
"10090.ENSMUSP00000015712","10090.ENSMUSP00000133302",953
"10090.ENSMUSP00000025181","10090.ENSMUSP00000134550",793
"10090.ENSMUSP00000080159","10090.ENSMUSP00000134550",747
"10090.ENSMUSP00000128401","10090.ENSMUSP00000134550",831
"10090.ENSMUSP00000025181","10090.ENSMUSP00000134570",954
"10090.ENSMUSP00000080159","10090.ENSMUSP00000134570",740
"10090.ENSMUSP00000128401","10090.ENSMUSP00000134570",885
"10090.ENSMUSP00000134550","10090.ENSMUSP00000134570",758
"10090.ENSMUSP00000028062","10090.ENSMUSP00000134849",755
"10090.ENSMUSP00000017548","10090.ENSMUSP00000137400",829
"10090.ENSMUSP00000014743","10090.ENSMUSP00000141132",804
"10090.ENSMUSP00000017974","10090.ENSMUSP00000141132",785
"10090.ENSMUSP00000020970","10090.ENSMUSP00000141132",886
"10090.ENSMUSP00000024884","10090.ENSMUSP00000141132",938
"10090.ENSMUSP00000026571","10090.ENSMUSP00000141132",942
"10090.ENSMUSP00000029559","10090.ENSMUSP00000141132",813
"10090.ENSMUSP00000031542","10090.ENSMUSP00000141132",822
"10090.ENSMUSP00000032198","10090.ENSMUSP00000141132",936
"10090.ENSMUSP00000035588","10090.ENSMUSP00000141132",736
"10090.ENSMUSP00000054126","10090.ENSMUSP00000141132",969
"10090.ENSMUSP00000079198","10090.ENSMUSP00000141132",704
"10090.ENSMUSP00000080209","10090.ENSMUSP00000141132",785
"10090.ENSMUSP00000082855","10090.ENSMUSP00000141132",999
"10090.ENSMUSP00000083555","10090.ENSMUSP00000141132",742
"10090.ENSMUSP00000099890","10090.ENSMUSP00000141132",938
"10090.ENSMUSP00000103028","10090.ENSMUSP00000141132",736
"10090.ENSMUSP00000106845","10090.ENSMUSP00000141132",748
"10090.ENSMUSP00000128401","10090.ENSMUSP00000141132",796
"10090.ENSMUSP00000133302","10090.ENSMUSP00000141132",736
"10090.ENSMUSP00000099890","10090.ENSMUSP00000142518",739
"10090.ENSMUSP00000141132","10090.ENSMUSP00000142518",714
"10090.ENSMUSP00000017974","10090.ENSMUSP00000147521",761
"10090.ENSMUSP00000020969","10090.ENSMUSP00000147521",767
"10090.ENSMUSP00000020970","10090.ENSMUSP00000147521",902
"10090.ENSMUSP00000026565","10090.ENSMUSP00000147521",703
"10090.ENSMUSP00000026571","10090.ENSMUSP00000147521",940
"10090.ENSMUSP00000029018","10090.ENSMUSP00000147521",714
"10090.ENSMUSP00000031542","10090.ENSMUSP00000147521",906
"10090.ENSMUSP00000032198","10090.ENSMUSP00000147521",957
"10090.ENSMUSP00000035588","10090.ENSMUSP00000147521",747
"10090.ENSMUSP00000079198","10090.ENSMUSP00000147521",766
"10090.ENSMUSP00000080209","10090.ENSMUSP00000147521",783
"10090.ENSMUSP00000082855","10090.ENSMUSP00000147521",846
"10090.ENSMUSP00000099890","10090.ENSMUSP00000147521",733
"10090.ENSMUSP00000141132","10090.ENSMUSP00000147521",851
"10090.ENSMUSP00000128401","10090.ENSMUSP00000148677",777
"10090.ENSMUSP00000141132","10090.ENSMUSP00000148677",759
"10090.ENSMUSP00000033053","10090.ENSMUSP00000150463",753
"10090.ENSMUSP00000099858","10090.ENSMUSP00000159121",794
