"category","subcategory","ID","Description","GeneRatio","BgRatio","RichFactor","FoldEnrichment","zScore","pvalue","p.adjust","qvalue","geneID","Count"
"Environmental Information Processing","Signaling molecules and interaction","mmu04514","Cell adhesion molecule (CAM) interaction","4/30","130/6657",0.0307692307692308,6.82769230769231,4.5146104467812,0.00256701644738065,0.233598496711639,0.229680418976164,"67374/18613/74048/104099",4
"Metabolism","Lipid metabolism","mmu00590","Arachidonic acid metabolism","2/30","38/6657",0.0526315789473684,11.6789473684211,4.44153258420238,0.0124811491657015,0.495507045735374,0.487196054222172,"19224/15446",2
"Organismal Systems","Endocrine system","mmu04923","Regulation of lipolysis in adipocytes","2/30","45/6657",0.0444444444444444,9.86222222222222,4.01320430094967,0.0172376229702758,0.495507045735374,0.487196054222172,"11555/19224",2
"Environmental Information Processing","Signal transduction","mmu04022","cGMP-PKG signaling pathway","3/30","134/6657",0.0223880597014925,4.96791044776119,3.12175898647341,0.0217805294828736,0.495507045735374,0.487196054222172,"11555/19735/30955",3
"Human Diseases","Cancer: overview","mmu05202","Transcriptional misregulation in cancer","3/30","160/6657",0.01875,4.160625,2.72260932483932,0.0344186057154689,0.508590269234063,0.500059836725221,"16599/15446/17132",3
"Environmental Information Processing","Signaling molecules and interaction","mmu04061","Viral protein interaction with cytokine and cytokine receptor","2/30","70/6657",0.0285714285714286,6.34,3.02172713135107,0.0392356425979022,0.508590269234063,0.500059836725221,"13051/16194",2
"Organismal Systems","Immune system","mmu04670","Leukocyte transendothelial migration","2/30","95/6657",0.0210526315789474,4.67157894736842,2.42496435548299,0.0677185235604343,0.508590269234063,0.500059836725221,"67374/18613",2
"Human Diseases","Infectious disease: parasitic","mmu05145","Toxoplasmosis","2/30","99/6657",0.0202020202020202,4.48282828282828,2.34894448293523,0.0727706035694938,0.508590269234063,0.500059836725221,"30955/68652",2
"Human Diseases","Infectious disease: viral","mmu05171","Coronavirus disease","3/30","228/6657",0.0131578947368421,2.91973684210526,1.9844776356947,0.0817538111284274,0.508590269234063,0.500059836725221,"16194/72512/68652",3
"Organismal Systems","Immune system","mmu04611","Platelet activation","2/30","106/6657",0.0188679245283019,4.18679245283019,2.22516239392646,0.081897463659059,0.508590269234063,0.500059836725221,"19224/30955",2
"Metabolism","Glycan biosynthesis and metabolism","mmu00601","Glycosphingolipid biosynthesis - lacto and neolacto series","1/30","23/6657",0.0434782608695652,9.64782608695652,2.79506511747305,0.0988260574227745,0.508590269234063,0.500059836725221,"14594",1
"Organismal Systems","Circulatory system","mmu04261","Adrenergic signaling in cardiomyocytes","2/30","128/6657",0.015625,3.4671875,1.89623695123812,0.112655006615752,0.508590269234063,0.500059836725221,"11555/30955",2
"Organismal Systems","Endocrine system","mmu04921","Oxytocin signaling pathway","2/30","128/6657",0.015625,3.4671875,1.89623695123812,0.112655006615752,0.508590269234063,0.500059836725221,"19735/30955",2
NA,NA,"mmu04517","IgSF CAM signaling","3/30","264/6657",0.0113636363636364,2.52159090909091,1.69729102514407,0.114276165098359,0.508590269234063,0.500059836725221,"211401/21872/67374",3
"Metabolism","Glycan biosynthesis and metabolism","mmu00512","Mucin type O-glycan biosynthesis","1/30","27/6657",0.037037037037037,8.21851851851852,2.5286108175338,0.115020459979108,0.508590269234063,0.500059836725221,"14537",1
"Environmental Information Processing","Signal transduction","mmu04151","PI3K-Akt signaling pathway","3/30","281/6657",0.0106761565836299,2.36903914590747,1.57762460448501,0.13114951437196,0.508590269234063,0.500059836725221,"16194/30955/104099",3
"Cellular Processes","Cellular community - eukaryotes","mmu04530","Tight junction","2/30","141/6657",0.0141843971631206,3.14751773049645,1.73406181680144,0.132061482717687,0.508590269234063,0.500059836725221,"21872/67374",2
"Organismal Systems","Digestive system","mmu04973","Carbohydrate digestion and absorption","1/30","32/6657",0.03125,6.934375,2.26394479685401,0.134868177483839,0.508590269234063,0.500059836725221,"56485",1
"Cellular Processes","Transport and catabolism","mmu04148","Efferocytosis","2/30","149/6657",0.0134228187919463,2.97852348993289,1.6433095213166,0.144373127356109,0.508590269234063,0.500059836725221,"13051/18613",2
"Organismal Systems","Immune system","mmu04621","NOD-like receptor signaling pathway","2/30","155/6657",0.0129032258064516,2.86322580645161,1.57912553373888,0.153766860970339,0.508590269234063,0.500059836725221,"72512/68652",2
"Metabolism","Lipid metabolism","mmu00565","Ether lipid metabolism","1/30","37/6657",0.027027027027027,5.9972972972973,2.05076479363518,0.154285279104391,0.508590269234063,0.500059836725221,"270084",1
"Environmental Information Processing","Signaling molecules and interaction","mmu04080","Neuroactive ligand-receptor interaction","2/30","158/6657",0.0126582278481013,2.80886075949367,1.54817200923691,0.158510441331862,0.508590269234063,0.500059836725221,"11555/58861",2
"Metabolism","Amino acid metabolism","mmu00330","Arginine and proline metabolism","1/30","41/6657",0.024390243902439,5.41219512195122,1.90659165989679,0.169514989437336,0.508590269234063,0.500059836725221,"12709",1
"Organismal Systems","Immune system","mmu04062","Chemokine signaling pathway","2/30","166/6657",0.0120481927710843,2.67349397590361,1.46903178138166,0.171297557533172,0.508590269234063,0.500059836725221,"13051/30955",2
"Human Diseases","Infectious disease: viral","mmu05168","Herpes simplex virus 1 infection","2/30","169/6657",0.0118343195266272,2.62603550295858,1.4405447505249,0.176139943641921,0.508590269234063,0.500059836725221,"72512/68652",2
"Human Diseases","Infectious disease: parasitic","mmu05144","Malaria","1/30","46/6657",0.0217391304347826,4.82391304347826,1.75090322939713,0.188179608279987,0.508590269234063,0.500059836725221,"18613",1
"Human Diseases","Immune disease","mmu05321","Inflammatory bowel disease","1/30","46/6657",0.0217391304347826,4.82391304347826,1.75090322939713,0.188179608279987,0.508590269234063,0.500059836725221,"17132",1
"Cellular Processes","Cell motility","mmu04820","Cytoskeleton in muscle cells","2/30","181/6657",0.0110497237569061,2.45193370165746,1.33242094852906,0.195729711400398,0.508590269234063,0.500059836725221,"18074/104099",2
"Environmental Information Processing","Signaling molecules and interaction","mmu04060","Cytokine-cytokine receptor interaction","2/30","183/6657",0.0109289617486339,2.42513661202186,1.31523844005208,0.199024834792607,0.508590269234063,0.500059836725221,"13051/16194",2
"Metabolism","Nucleotide metabolism","mmu00240","Pyrimidine metabolism","1/30","49/6657",0.0204081632653061,4.52857142857143,1.66790278868113,0.199183047330859,0.508590269234063,0.500059836725221,"12495",1
"Environmental Information Processing","Signal transduction","mmu04020","Calcium signaling pathway","2/30","184/6657",0.0108695652173913,2.41195652173913,1.30673110921735,0.200675254020389,0.508590269234063,0.500059836725221,"11555/58861",2
"Organismal Systems","Immune system","mmu04622","RIG-I-like receptor signaling pathway","1/30","52/6657",0.0192307692307692,4.26730769230769,1.59134408711962,0.210042251555915,0.508590269234063,0.500059836725221,"72512",1
"Human Diseases","Infectious disease: viral","mmu05169","Epstein-Barr virus infection","2/30","190/6657",0.0105263157894737,2.33578947368421,1.25681740247076,0.210614756063254,0.508590269234063,0.500059836725221,"12495/68652",2
"Human Diseases","Infectious disease: viral","mmu05170","Human immunodeficiency virus 1 infection","2/30","196/6657",0.0102040816326531,2.26428571428571,1.20873805283789,0.220610401029935,0.508590269234063,0.500059836725221,"72512/68652",2
"Organismal Systems","Endocrine system","mmu04924","Renin secretion","1/30","55/6657",0.0181818181818182,4.03454545454545,1.52035858448725,0.220759047239565,0.508590269234063,0.500059836725221,"11555",1
"Genetic Information Processing","Information processing in viruses","mmu03250","Viral life cycle - HIV-1","1/30","62/6657",0.0161290322580645,3.57903225806452,1.37263167899455,0.24522118503877,0.508590269234063,0.500059836725221,"26943",1
"Organismal Systems","Digestive system","mmu04970","Salivary secretion","1/30","63/6657",0.0158730158730159,3.52222222222222,1.35328089217255,0.248654598905159,0.508590269234063,0.500059836725221,"11555",1
"Human Diseases","Infectious disease: parasitic","mmu05140","Leishmaniasis","1/30","63/6657",0.0158730158730159,3.52222222222222,1.35328089217255,0.248654598905159,0.508590269234063,0.500059836725221,"68652",1
"Human Diseases","Infectious disease: viral","mmu05163","Human cytomegalovirus infection","2/30","213/6657",0.00938967136150235,2.08356807511737,1.08137676929303,0.249153251701425,0.508590269234063,0.500059836725221,"16194/72512",2
"Organismal Systems","Immune system","mmu04623","Cytosolic DNA-sensing pathway","1/30","65/6657",0.0153846153846154,3.41384615384615,1.31572905314024,0.255476190947319,0.508590269234063,0.500059836725221,"72512",1
"Organismal Systems","Immune system","mmu04640","Hematopoietic cell lineage","1/30","67/6657",0.0149253731343284,3.31194029850746,1.27961731428662,0.262237894945483,0.508590269234063,0.500059836725221,"16194",1
"Human Diseases","Cardiovascular disease","mmu05412","Arrhythmogenic right ventricular cardiomyopathy","1/30","68/6657",0.0147058823529412,3.26323529411765,1.26206931689813,0.265596447775776,0.508590269234063,0.500059836725221,"104099",1
"Organismal Systems","Immune system","mmu04658","Th1 and Th2 cell differentiation","1/30","72/6657",0.0138888888888889,3.08194444444444,1.19499556556141,0.278883466923043,0.508590269234063,0.500059836725221,"17132",1
"Metabolism","Carbohydrate metabolism","mmu00562","Inositol phosphate metabolism","1/30","73/6657",0.0136986301369863,3.03972602739726,1.17895480085909,0.282168735866446,0.508590269234063,0.500059836725221,"30955",1
"Metabolism","Global and overview maps","mmu01232","Nucleotide metabolism","1/30","74/6657",0.0135135135135135,2.99864864864865,1.16318605054851,0.285439534457577,0.508590269234063,0.500059836725221,"12495",1
"Organismal Systems","Immune system","mmu04657","IL-17 signaling pathway","1/30","74/6657",0.0135135135135135,2.99864864864865,1.16318605054851,0.285439534457577,0.508590269234063,0.500059836725221,"68652",1
"Organismal Systems","Immune system","mmu04662","B cell receptor signaling pathway","1/30","74/6657",0.0135135135135135,2.99864864864865,1.16318605054851,0.285439534457577,0.508590269234063,0.500059836725221,"26377",1
"Human Diseases","Infectious disease: bacterial","mmu05132","Salmonella infection","2/30","236/6657",0.00847457627118644,1.88050847457627,0.926610048375797,0.288012285383709,0.508590269234063,0.500059836725221,"30955/68652",2
"Environmental Information Processing","Signaling molecules and interaction","mmu04512","ECM-receptor interaction","1/30","75/6657",0.0133333333333333,2.95866666666667,1.14768055582332,0.288695924244342,0.508590269234063,0.500059836725221,"104099",1
"Cellular Processes","Cellular community - eukaryotes","mmu04540","Gap junction","1/30","75/6657",0.0133333333333333,2.95866666666667,1.14768055582332,0.288695924244342,0.508590269234063,0.500059836725221,"21872",1
"Human Diseases","Drug resistance: antineoplastic","mmu01521","EGFR tyrosine kinase inhibitor resistance","1/30","77/6657",0.012987012987013,2.88181818181818,1.1174262639405,0.295165722335015,0.508590269234063,0.500059836725221,"16194",1
"Human Diseases","Cardiovascular disease","mmu05410","Hypertrophic cardiomyopathy","1/30","80/6657",0.0125,2.77375,1.07382195643807,0.304763877671844,0.508590269234063,0.500059836725221,"104099",1
"Organismal Systems","Nervous system","mmu04726","Serotonergic synapse","1/30","81/6657",0.0123456790123457,2.73950617283951,1.05973280886146,0.307935093069419,0.508590269234063,0.500059836725221,"19224",1
"Human Diseases","Cardiovascular disease","mmu05414","Dilated cardiomyopathy","1/30","84/6657",0.0119047619047619,2.64166666666667,1.01871243093518,0.317365067344351,0.508590269234063,0.500059836725221,"104099",1
"Metabolism","Lipid metabolism","mmu00564","Glycerophospholipid metabolism","1/30","85/6657",0.0117647058823529,2.61058823529412,1.00543501691405,0.32048069916843,0.508590269234063,0.500059836725221,"270084",1
"Cellular Processes","Cellular community - eukaryotes","mmu04520","Adherens junction","1/30","86/6657",0.0116279069767442,2.58023255813953,0.99234639476205,0.323582582769304,0.508590269234063,0.500059836725221,"21872",1
"Organismal Systems","Immune system","mmu04620","Toll-like receptor signaling pathway","1/30","86/6657",0.0116279069767442,2.58023255813953,0.99234639476205,0.323582582769304,0.508590269234063,0.500059836725221,"68652",1
"Organismal Systems","Immune system","mmu04659","Th17 cell differentiation","1/30","88/6657",0.0113636363636364,2.52159090909091,0.966714891703674,0.329745339393514,0.508590269234063,0.500059836725221,"16194",1
"Organismal Systems","Sensory system","mmu04740","Olfactory transduction","1/30","88/6657",0.0113636363636364,2.52159090909091,0.966714891703674,0.329745339393514,0.508590269234063,0.500059836725221,"19735",1
NA,NA,"mmu04382","Cornified envelope formation","1/30","90/6657",0.0111111111111111,2.46555555555556,0.941778629550524,0.33585380299931,0.509378267882286,0.500834618507742,"21872",1
"Environmental Information Processing","Signal transduction","mmu04064","NF-kappa B signaling pathway","1/30","92/6657",0.0108695652173913,2.41195652173913,0.917501263283209,0.341908435547382,0.510060125160849,0.501505039198058,"68652",1
"Organismal Systems","Nervous system","mmu04725","Cholinergic synapse","1/30","97/6657",0.0103092783505155,2.28762886597938,0.859475398975968,0.356812503526345,0.523708674530603,0.514924665530379,"30955",1
"Environmental Information Processing","Signal transduction","mmu04066","HIF-1 signaling pathway","1/30","99/6657",0.0101010101010101,2.24141414141414,0.837254283505625,0.362682310843797,0.523874448996596,0.515087659510823,"16194",1
"Environmental Information Processing","Signal transduction","mmu04668","TNF signaling pathway","1/30","109/6657",0.00917431192660551,2.03577981651376,0.733559179870491,0.391263141827053,0.538976303239328,0.52993621486805,"68652",1
"Metabolism","Nucleotide metabolism","mmu00230","Purine metabolism","1/30","111/6657",0.00900900900900901,1.9990990990991,0.714152325905052,0.396828706780604,0.538976303239328,0.52993621486805,"12495",1
"Environmental Information Processing","Signal transduction","mmu04630","JAK-STAT signaling pathway","1/30","111/6657",0.00900900900900901,1.9990990990991,0.714152325905052,0.396828706780604,0.538976303239328,0.52993621486805,"16194",1
"Human Diseases","Endocrine and metabolic disease","mmu04936","Alcoholic liver disease","1/30","111/6657",0.00900900900900901,1.9990990990991,0.714152325905052,0.396828706780604,0.538976303239328,0.52993621486805,"68652",1
"Environmental Information Processing","Signal transduction","mmu04371","Apelin signaling pathway","1/30","116/6657",0.00862068965517241,1.91293103448276,0.667350038154426,0.41052827088303,0.539635239701677,0.530584099186148,"30955",1
NA,NA,"mmu04081","Hormone signaling","1/30","118/6657",0.00847457627118644,1.88050847457627,0.649273494554675,0.415923453237877,0.539635239701677,0.530584099186148,"11555",1
"Human Diseases","Infectious disease: viral","mmu05162","Measles","1/30","119/6657",0.00840336134453781,1.86470588235294,0.640365955024702,0.418603113186319,0.539635239701677,0.530584099186148,"68652",1
NA,NA,"mmu04082","Neuroactive ligand signaling","1/30","121/6657",0.00826446280991736,1.83388429752066,0.622803806161067,0.423926826237246,0.539635239701677,0.530584099186148,"11555",1
"Organismal Systems","Development and regeneration","mmu04380","Osteoclast differentiation","1/30","123/6657",0.00813008130081301,1.80406504065041,0.605568072252106,0.429203401850042,0.539635239701677,0.530584099186148,"68652",1
"Human Diseases","Infectious disease: bacterial","mmu05135","Yersinia infection","1/30","128/6657",0.0078125,1.73359375,0.563827263208547,0.442191251741043,0.539635239701677,0.530584099186148,"68652",1
"Environmental Information Processing","Signal transduction","mmu04072","Phospholipase D signaling pathway","1/30","129/6657",0.00775193798449612,1.72015503875969,0.555698960870164,0.444754318435448,0.539635239701677,0.530584099186148,"30955",1
"Human Diseases","Cardiovascular disease","mmu05418","Fluid shear stress and atherosclerosis","1/30","129/6657",0.00775193798449612,1.72015503875969,0.555698960870164,0.444754318435448,0.539635239701677,0.530584099186148,"18613",1
NA,NA,"mmu04518","Integrin signaling","1/30","136/6657",0.00735294117647059,1.63161764705882,0.500697483042156,0.462379693697936,0.55229357748357,0.543030122453481,"104099",1
"Genetic Information Processing","Folding, sorting and degradation","mmu04120","Ubiquitin mediated proteolysis","1/30","139/6657",0.00719424460431655,1.59640287769784,0.478077991299647,0.469766739036632,0.55229357748357,0.543030122453481,"242521",1
"Human Diseases","Infectious disease: viral","mmu05161","Hepatitis B","1/30","142/6657",0.00704225352112676,1.56267605633803,0.455988821159025,0.477055622742476,0.55229357748357,0.543030122453481,"68652",1
"Human Diseases","Endocrine and metabolic disease","mmu04932","Non-alcoholic fatty liver disease","1/30","143/6657",0.00699300699300699,1.55174825174825,0.448739093273182,0.479463655178044,0.55229357748357,0.543030122453481,"16194",1
"Human Diseases","Cancer: overview","mmu05207","Chemical carcinogenesis - receptor activation","1/30","153/6657",0.0065359477124183,1.45032679738562,0.379133394193567,0.502961897220946,0.572119158088826,0.562523174523426,"11555",1
"Cellular Processes","Cell motility","mmu04814","Motor proteins","1/30","161/6657",0.0062111801242236,1.37826086956522,0.326881351734353,0.521018971494399,0.58087388953716,0.571131065478989,"74376",1
"Environmental Information Processing","Signal transduction","mmu04024","cAMP signaling pathway","1/30","163/6657",0.00613496932515337,1.36134969325153,0.314249177128663,0.525433180636753,0.58087388953716,0.571131065478989,"11555",1
"Organismal Systems","Development and regeneration","mmu04360","Axon guidance","1/30","165/6657",0.00606060606060606,1.34484848484848,0.301779571412008,0.529808053094333,0.58087388953716,0.571131065478989,"20352",1
"Human Diseases","Infectious disease: viral","mmu05167","Kaposi sarcoma-associated herpesvirus infection","1/30","177/6657",0.00564971751412429,1.25367231638418,0.230134115260219,0.555249981348493,0.596648468686453,0.586641062329075,"30955",1
"Human Diseases","Cardiovascular disease","mmu05417","Lipid and atherosclerosis","1/30","178/6657",0.00561797752808989,1.24662921348315,0.224393011862231,0.557309009212621,0.596648468686453,0.586641062329075,"68652",1
"Cellular Processes","Cellular community - eukaryotes","mmu04510","Focal adhesion","1/30","182/6657",0.00549450549450549,1.21923076923077,0.201755839726789,0.565453356119156,0.598328551242363,0.588292965362647,"104099",1
"Cellular Processes","Cell motility","mmu04810","Regulation of actin cytoskeleton","1/30","194/6657",0.00515463917525773,1.14381443298969,0.136771326509992,0.589026747783149,0.616108437336397,0.60577463474371,"104099",1
"Environmental Information Processing","Signal transduction","mmu04010","MAPK signaling pathway","1/30","252/6657",0.00396825396825397,0.880555555555555,-0.130051527310793,0.686601153641126,0.710008011151619,0.698099259084877,"68652",1
NA,NA,"mmu04519","Cadherin signaling","1/30","272/6657",0.00367647058823529,0.815808823529412,-0.208680381378685,0.714728921367419,0.730790245443092,0.718532919174815,"21872",1
"Human Diseases","Infectious disease: viral","mmu05165","Human papillomavirus infection","1/30","298/6657",0.00335570469798658,0.744630872483221,-0.303452633568706,0.747666974112525,0.755974384935998,0.743294652626487,"104099",1
"Human Diseases","Cancer: overview","mmu05200","Pathways in cancer","1/30","444/6657",0.00225225225225225,0.499774774774775,-0.734032341528723,0.874498293139236,0.874498293139236,0.859830594758069,"16194",1
