"ID","Description","GeneRatio","BgRatio","RichFactor","FoldEnrichment","zScore","pvalue","p.adjust","qvalue","geneID","Count"
"GO:0051607","defense response to virus","13/14","276/14942",0.0471014492753623,50.2707039337474,25.3011642116168,3.02765134535335e-22,1.15050751123427e-19,6.02343267654509e-20,"Eif2ak2/Oas3/Usp18/Dhx58/Ifit2/Irf7/Oasl2/Stat1/Stat2/Rtp4/Rsad2/Oas1g/Oas2",13
"GO:0009615","response to virus","13/14","341/14942",0.0381231671554252,40.6883116883117,22.7039567737962,4.98150684779184e-21,9.4648630108045e-19,4.9552883906982e-19,"Eif2ak2/Oas3/Usp18/Dhx58/Ifit2/Irf7/Oasl2/Stat1/Stat2/Rtp4/Rsad2/Oas1g/Oas2",13
"GO:0060337","type I interferon-mediated signaling pathway","8/14","63/14942",0.126984126984127,135.528344671202,32.7680229193703,1.85400476959351e-16,1.40904362489106e-14,7.37698739901416e-15,"Oas3/Usp18/Irf7/Oasl2/Stat1/Stat2/Oas1g/Oas2",8
"GO:0140888","interferon-mediated signaling pathway","8/14","80/14942",0.1,106.728571428571,29.0370014803321,1.37924060321012e-15,7.4873061317121e-14,3.91994697754456e-14,"Oas3/Usp18/Irf7/Oasl2/Stat1/Stat2/Oas1g/Oas2",8
"GO:0048525","negative regulation of viral process","7/14","78/14942",0.0897435897435897,95.7820512820513,25.7015073099803,2.67283436053523e-13,1.1285300633371e-11,5.90837069170945e-12,"Eif2ak2/Oas3/Oasl2/Stat1/Rsad2/Oas1g/Oas2",7
"GO:0032481","positive regulation of type I interferon production","6/14","84/14942",0.0714285714285714,76.234693877551,21.1753531391894,7.62653496937654e-11,2.22929483720237e-09,1.16713774025277e-09,"Oas3/Dhx58/Irf7/Stat1/Oas1g/Oas2",6
"GO:0019079","viral genome replication","6/14","114/14942",0.0526315789473684,56.1729323308271,18.108823713108,4.93500130266347e-10,1.25020033000808e-08,6.54537014879577e-09,"Eif2ak2/Oas3/Oasl2/Rsad2/Oas1g/Oas2",6
"GO:0045088","regulation of innate immune response","8/14","432/14942",0.0185185185185185,19.7645502645503,12.1199091586846,1.18058008304164e-09,2.40300917419061e-08,1.25808513551808e-08,"Eif2ak2/Oas3/Usp18/Dhx58/Irf7/Stat2/Rsad2/Oas1g",8
"GO:0032606","type I interferon production","6/14","136/14942",0.0441176470588235,47.0861344537815,16.533846514266,1.4394781102332e-09,2.65287020966096e-08,1.38889880782804e-08,"Oas3/Dhx58/Irf7/Stat1/Oas1g/Oas2",6
"GO:0002753","cytoplasmic pattern recognition receptor signaling pathway","6/14","182/14942",0.032967032967033,35.1852433281005,14.2096777259822,8.32830716922974e-09,1.31864863512804e-07,6.90372831133518e-08,"Eif2ak2/Oas3/Dhx58/Irf7/Rsad2/Oas1g",6
"GO:0002832","negative regulation of response to biotic stimulus","5/14","123/14942",0.040650406504065,43.3855981416957,14.4548789959838,6.57183800277265e-08,9.24925348538373e-07,4.84240694941143e-07,"Oas3/Usp18/Dhx58/Stat2/Oas1g",5
"GO:0060759","regulation of response to cytokine stimulus","5/14","146/14942",0.0342465753424658,36.5508806262231,13.2192759084706,1.55085594550633e-07,1.84164143528876e-06,9.6418346612071e-07,"Oas3/Usp18/Irf7/Stat2/Oas1g",5
"GO:0050777","negative regulation of immune response","5/14","181/14942",0.0276243093922652,29.4830307813733,11.8064853900868,4.52246257737607e-07,4.64469129568353e-06,2.43170818527476e-06,"Oas3/Usp18/Dhx58/Stat2/Oas1g",5
"GO:0002833","positive regulation of response to biotic stimulus","6/14","384/14942",0.015625,16.6763392857143,9.53042891895041,6.9886437283878e-07,6.47727955313992e-06,3.39115189901231e-06,"Eif2ak2/Oas3/Dhx58/Irf7/Rsad2/Oas1g",6
"GO:0031348","negative regulation of defense response","5/14","228/14942",0.0219298245614035,23.4053884711779,10.4401698303971,1.41689529764452e-06,1.25214003047655e-05,6.55552536731489e-06,"Oas3/Usp18/Dhx58/Stat2/Oas1g",5
"GO:0035455","response to interferon-alpha","3/14","28/14942",0.107142857142857,114.352040816327,18.385029348343,2.11572269572892e-06,1.78661027639331e-05,9.35372139164365e-06,"Eif2ak2/Ifit2/Oas1g",3
"GO:0031349","positive regulation of defense response","6/14","469/14942",0.0127931769722814,13.653975022845,8.52682109008763,2.24511609730584e-06,1.85466112386135e-05,9.70999868171176e-06,"Eif2ak2/Oas3/Dhx58/Irf7/Rsad2/Oas1g",6
"GO:0032102","negative regulation of response to external stimulus","5/14","335/14942",0.0149253731343284,15.9296375266525,8.46338680650608,9.32015308000586e-06,7.37845452167131e-05,3.86295818447612e-05,"Oas3/Usp18/Dhx58/Stat2/Oas1g",5
"GO:0002683","negative regulation of immune system process","5/14","474/14942",0.0105485232067511,11.2582881253767,6.95044884457341,4.96684605525712e-05,0.000370078725685825,0.000193753127852135,"Oas3/Usp18/Dhx58/Stat2/Oas1g",5
"GO:0035457","cellular response to interferon-alpha","2/14","16/14942",0.125,133.410714285714,16.2279790570739,9.70974816065833e-05,0.000683278574268549,0.000357727563813728,"Ifit2/Oas1g",2
"GO:0039531","regulation of cytoplasmic pattern recognition receptor signaling pathway","3/14","126/14942",0.0238095238095238,25.4115646258503,8.42691166042042,0.000199125569609782,0.00129167050385984,0.00067624854634213,"Eif2ak2/Dhx58/Rsad2",3
"GO:0140894","endolysosomal toll-like receptor signaling pathway","2/14","49/14942",0.0408163265306122,43.5626822157434,9.1387957551914,0.000934892418005712,0.00493415442836348,0.0025832553655421,"Rsad2/Oas1g",2
"GO:0042742","defense response to bacterium","3/14","218/14942",0.0137614678899083,14.6874180865007,6.23433181036606,0.000990066218304571,0.00515376935555804,0.00269823381772983,"Oas3/Oas1g/Oas2",3
"GO:0035458","cellular response to interferon-beta","2/14","59/14942",0.0338983050847458,36.1791767554479,8.29123977200792,0.00135294526964758,0.00694755679008216,0.00363736352721753,"Stat1/Oas1g",2
"GO:0035456","response to interferon-beta","2/14","68/14942",0.0294117647058824,31.390756302521,7.69192628097379,0.00179263802912123,0.00896319014560614,0.00469263971612066,"Stat1/Oas1g",2
"GO:0032496","response to lipopolysaccharide","3/14","309/14942",0.00970873786407767,10.3619972260749,5.09253589743947,0.00269167267022313,0.0131132771113435,0.00686539992809948,"Eif2ak2/Stat1/Cmpk2",3
"GO:0033197","response to vitamin E","1/14","10/14942",0.1,106.728571428571,10.2420386664615,0.00933295519366539,0.0407646318803776,0.0213421479927739,"Eif2ak2",1
"GO:0033689","negative regulation of osteoblast proliferation","1/14","10/14942",0.1,106.728571428571,10.2420386664615,0.00933295519366539,0.0407646318803776,0.0213421479927739,"Eif2ak2",1
"GO:0046940","nucleoside monophosphate phosphorylation","1/14","10/14942",0.1,106.728571428571,10.2420386664615,0.00933295519366539,0.0407646318803776,0.0213421479927739,"Cmpk2",1
"GO:0050912","detection of chemical stimulus involved in sensory perception of taste","1/14","10/14942",0.1,106.728571428571,10.2420386664615,0.00933295519366539,0.0407646318803776,0.0213421479927739,"Rtp4",1
"GO:0009138","pyrimidine nucleoside diphosphate metabolic process","1/14","11/14942",0.0909090909090909,97.025974025974,9.75649111588578,0.0102617884797146,0.041483825769059,0.0217186788652414,"Cmpk2",1
"GO:0035745","T-helper 2 cell cytokine production","1/14","11/14942",0.0909090909090909,97.025974025974,9.75649111588578,0.0102617884797146,0.041483825769059,0.0217186788652414,"Rsad2",1
"GO:0072074","kidney mesenchyme development","1/14","11/14942",0.0909090909090909,97.025974025974,9.75649111588578,0.0102617884797146,0.041483825769059,0.0217186788652414,"Stat1",1
"GO:0072077","renal vesicle morphogenesis","1/14","11/14942",0.0909090909090909,97.025974025974,9.75649111588578,0.0102617884797146,0.041483825769059,0.0217186788652414,"Stat1",1
"GO:0072160","nephron tubule epithelial cell differentiation","1/14","11/14942",0.0909090909090909,97.025974025974,9.75649111588578,0.0102617884797146,0.041483825769059,0.0217186788652414,"Stat1",1
"GO:0072202","cell differentiation involved in metanephros development","1/14","15/14942",0.0666666666666667,71.152380952381,8.32443594961888,0.013969041032433,0.0510407268492745,0.0267221533920024,"Stat1",1
"GO:1902033","regulation of hematopoietic stem cell proliferation","1/14","15/14942",0.0666666666666667,71.152380952381,8.32443594961888,0.013969041032433,0.0510407268492745,0.0267221533920024,"Eif2ak2",1
"GO:1902036","regulation of hematopoietic stem cell differentiation","1/14","15/14942",0.0666666666666667,71.152380952381,8.32443594961888,0.013969041032433,0.0510407268492745,0.0267221533920024,"Eif2ak2",1
"GO:0072273","metanephric nephron morphogenesis","1/14","17/14942",0.0588235294117647,62.781512605042,7.8051070739697,0.0158178280421845,0.0543725240997366,0.0284665015369812,"Stat1",1
"GO:0046385","deoxyribose phosphate biosynthetic process","1/14","18/14942",0.0555555555555556,59.2936507936508,7.57823249302393,0.0167410139991294,0.0543725240997366,0.0284665015369812,"Cmpk2",1
"GO:1901857","positive regulation of cellular respiration","1/14","18/14942",0.0555555555555556,59.2936507936508,7.57823249302393,0.0167410139991294,0.0543725240997366,0.0284665015369812,"Oas1g",1
"GO:0002726","positive regulation of T cell cytokine production","1/14","20/14942",0.05,53.3642857142857,7.17612014740076,0.0185849740528186,0.0569539527425085,0.029817997419208,"Rsad2",1
"GO:0043129","surfactant homeostasis","1/14","21/14942",0.0476190476190476,50.8231292517007,6.9967236448298,0.019505749442395,0.0579076936571102,0.0303173243800383,"Oas1g",1
"GO:0050909","sensory perception of taste","1/14","21/14942",0.0476190476190476,50.8231292517007,6.9967236448298,0.019505749442395,0.0579076936571102,0.0303173243800383,"Rtp4",1
"GO:0002699","positive regulation of immune effector process","2/14","241/14942",0.00829875518672199,8.85714285714286,3.76576113978026,0.0207494477882506,0.0597332587843577,0.0312730911641097,"Dhx58/Rsad2",2
"GO:0071216","cellular response to biotic stimulus","2/14","241/14942",0.00829875518672199,8.85714285714286,3.76576113978026,0.0207494477882506,0.0597332587843577,0.0312730911641097,"Stat1/Cmpk2",2
"GO:0032874","positive regulation of stress-activated MAPK cascade","1/14","23/14942",0.0434782608695652,46.4037267080745,6.67326850557262,0.0213448941755202,0.0600819243459087,0.0314556335218193,"Eif2ak2",1
"GO:0010742","macrophage derived foam cell differentiation","1/14","24/14942",0.0416666666666667,44.4702380952381,6.52672592507877,0.0222632648090442,0.062206181084094,0.0325677790163262,"Stat1",1
"GO:0002053","positive regulation of mesenchymal cell proliferation","1/14","25/14942",0.04,42.6914285714286,6.38894388410814,0.0231808351463998,0.0642972069754155,0.0336625266436386,"Stat1",1
"GO:0045648","positive regulation of erythrocyte differentiation","1/14","28/14942",0.0357142857142857,38.1173469387755,6.02021373314108,0.0259287508170777,0.068423092433955,0.0358226162604363,"Stat1",1
"GO:0002449","lymphocyte mediated immunity","2/14","276/14942",0.0072463768115942,7.73395445134576,3.45797550601564,0.0267250369660205,0.0684589800882086,0.0358414050877325,"Irf7/Rsad2",2
"GO:0060142","regulation of syncytium formation by plasma membrane fusion","1/14","29/14942",0.0344827586206897,36.8029556650246,5.91001261997762,0.0268431264030081,0.0684589800882086,0.0358414050877325,"Stat1",1
"GO:0033687","osteoblast proliferation","1/14","31/14942",0.032258064516129,34.4285714285714,5.70556052453044,0.0286694869705478,0.0721483778066767,0.0377729734223321,"Eif2ak2",1
"GO:0002460","adaptive immune response based on somatic recombination of immune receptors built from immunoglobulin superfamily domains","2/14","301/14942",0.00664451827242525,7.09159943046986,3.26950685598248,0.0313748128048251,0.0769881493654726,0.0403068150417571,"Irf7/Rsad2",2
"GO:0043330","response to exogenous dsRNA","1/14","36/14942",0.0277777777777778,29.6468253968254,5.26987398669641,0.0332214730977586,0.0793972313028192,0.0415680795463514,"Stat1",1
"GO:0090140","regulation of mitochondrial fission","1/14","36/14942",0.0277777777777778,29.6468253968254,5.26987398669641,0.0332214730977586,0.0793972313028192,0.0415680795463514,"Stat2",1
"GO:0007595","lactation","1/14","37/14942",0.027027027027027,28.8455598455598,5.19330540784141,0.0341294899618825,0.0805540756864307,0.0421737404563307,"Oas2",1
"GO:0001937","negative regulation of endothelial cell proliferation","1/14","40/14942",0.025,26.6821428571429,4.98071866130023,0.0368487913220763,0.0823678864846411,0.0431233533119035,"Stat1",1
"GO:0042092","type 2 immune response","1/14","40/14942",0.025,26.6821428571429,4.98071866130023,0.0368487913220763,0.0823678864846411,0.0431233533119035,"Rsad2",1
"GO:0051205","protein insertion into membrane","1/14","41/14942",0.024390243902439,26.0313588850174,4.91497921341447,0.0377536441553533,0.0834092138315945,0.0436685357733279,"Rtp4",1
"GO:0051336","regulation of hydrolase activity","2/14","341/14942",0.00586510263929619,6.25974025974026,3.00886861694616,0.0394348714905414,0.0859038470843015,0.0449745903017534,"Oas3/Oas1g",2
"GO:1900225","regulation of NLRP3 inflammasome complex assembly","1/14","43/14942",0.0232558139534884,24.8205980066445,4.79028513881538,0.0395609822098757,0.0859038470843015,0.0449745903017534,"Eif2ak2",1
"GO:0010463","mesenchymal cell proliferation","1/14","44/14942",0.0227272727272727,24.2564935064935,4.73107274097338,0.0404634687021952,0.0863826859934504,0.0452252843566818,"Stat1",1
"GO:0044546","NLRP3 inflammasome complex assembly","1/14","45/14942",0.0222222222222222,23.7174603174603,4.67379504291604,0.0413651676844858,0.0873264651116923,0.0457193958618001,"Eif2ak2",1
"GO:0140632","canonical inflammasome complex assembly","1/14","47/14942",0.0212765957446809,22.7082066869301,4.56463084480595,0.0431662056559704,0.0906251831451312,0.0474464255247363,"Eif2ak2",1
"GO:0000266","mitochondrial fission","1/14","50/14942",0.02,21.3457142857143,4.41300548588594,0.0458618721318679,0.0926995287771798,0.0485324402739251,"Stat2",1
"GO:0034198","cellular response to amino acid starvation","1/14","54/14942",0.0185185185185185,19.7645502645503,4.23028763004576,0.04944512508945,0.0983725001779633,0.0515025000931719,"Eif2ak2",1
"GO:0141085","regulation of inflammasome-mediated signaling pathway","1/14","54/14942",0.0185185185185185,19.7645502645503,4.23028763004576,0.04944512508945,0.0983725001779633,0.0515025000931719,"Eif2ak2",1
"GO:0009593","detection of chemical stimulus","1/14","55/14942",0.0181818181818182,19.4051948051948,4.1876580030247,0.050338983784288,0.0991130250675101,0.0518901987195552,"Rtp4",1
"GO:0000768","syncytium formation by plasma membrane fusion","1/14","56/14942",0.0178571428571429,19.0586734693878,4.14613929785444,0.0512320619213886,0.0993274669904473,0.0520024688675749,"Stat1",1
"GO:0140253","cell-cell fusion","1/14","56/14942",0.0178571428571429,19.0586734693878,4.14613929785444,0.0512320619213886,0.0993274669904473,0.0520024688675749,"Stat1",1
"GO:0140962","multicellular organismal-level chemical homeostasis","1/14","59/14942",0.0169491525423729,18.089588377724,4.02777688146685,0.0539066192762271,0.100908942487519,0.0528304435737979,"Oas1g",1
"GO:0141084","inflammasome-mediated signaling pathway","1/14","59/14942",0.0169491525423729,18.089588377724,4.02777688146685,0.0539066192762271,0.100908942487519,0.0528304435737979,"Eif2ak2",1
"GO:1990928","response to amino acid starvation","1/14","59/14942",0.0169491525423729,18.089588377724,4.02777688146685,0.0539066192762271,0.100908942487519,0.0528304435737979,"Eif2ak2",1
"GO:0043124","negative regulation of canonical NF-kappaB signal transduction","1/14","60/14942",0.0166666666666667,17.7880952380952,3.99024384976519,0.0547965814700142,0.101081072614589,0.0529205615627628,"Stat1",1
"GO:0002711","positive regulation of T cell mediated immunity","1/14","62/14942",0.0161290322580645,17.2142857142857,3.91782684923611,0.0565741742357675,0.101887138434084,0.0533425738616117,"Rsad2",1
"GO:0043434","response to peptide hormone","2/14","428/14942",0.00467289719626168,4.98731642189586,2.56307942305084,0.0593523886793883,0.106386357066828,0.0556981204588103,"Stat1/Stat2",2
"GO:0140895","cell surface toll-like receptor signaling pathway","1/14","66/14942",0.0151515151515152,16.1709956709957,3.78264865864562,0.0601200508171582,0.107256428687888,0.0561536427202515,"Oas1g",1
"GO:0006446","regulation of translational initiation","1/14","69/14942",0.0144927536231884,15.4679089026915,3.68879108374942,0.0627713326147206,0.109922149279234,0.0575492692902362,"Eif2ak2",1
"GO:0050709","negative regulation of protein secretion","1/14","69/14942",0.0144927536231884,15.4679089026915,3.68879108374942,0.0627713326147206,0.109922149279234,0.0575492692902362,"Rsad2",1
"GO:0032091","negative regulation of protein binding","1/14","71/14942",0.0140845070422535,15.0321931589537,3.62942377136343,0.0645349938199377,0.11046530473683,0.0578336359979527,"Ifit2",1
"GO:0051591","response to cAMP","1/14","71/14942",0.0140845070422535,15.0321931589537,3.62942377136343,0.0645349938199377,0.11046530473683,0.0578336359979527,"Stat1",1
"GO:2000736","regulation of stem cell differentiation","1/14","74/14942",0.0135135135135135,14.4227799227799,3.54474575263746,0.0671747080883576,0.113957094078464,0.0596617473153176,"Eif2ak2",1
"GO:0030968","endoplasmic reticulum unfolded protein response","1/14","77/14942",0.012987012987013,13.860853432282,3.46486032584118,0.0698075042195154,0.116345840365859,0.0609123651776935,"Eif2ak2",1
"GO:0072091","regulation of stem cell proliferation","1/14","79/14942",0.0126582278481013,13.5099457504521,3.41404130094822,0.0715588664987296,0.118227692476162,0.0618976007700681,"Eif2ak2",1
"GO:0007589","body fluid secretion","1/14","81/14942",0.0123456790123457,13.1763668430335,3.365032427266,0.0733071664416187,0.120591875531667,0.0631353586578535,"Oas2",1
"GO:0016579","protein deubiquitination","1/14","82/14942",0.0121951219512195,13.0156794425087,3.34117245659043,0.0741801695820411,0.120980534082299,0.0633388391732811,"Usp18",1
"GO:0043367","CD4-positive, alpha-beta T cell differentiation","1/14","93/14942",0.010752688172043,11.4761904761905,3.10348245309515,0.0837329333551875,0.133131860564733,0.0697006139798742,"Rsad2",1
"GO:0016525","negative regulation of angiogenesis","1/14","102/14942",0.00980392156862745,10.4635854341737,2.93691839942917,0.0914806665003955,0.143056186296915,0.074896452105587,"Stat1",1
"GO:0046683","response to organophosphorus","1/14","106/14942",0.00943396226415094,10.0687331536388,2.86942039513552,0.0949045385287929,0.144834235505788,0.0758273421346094,"Stat1",1
"GO:0006612","protein targeting to membrane","1/14","110/14942",0.00909090909090909,9.7025974025974,2.8054233957449,0.0983164256920803,0.148360870740215,0.0776736968695309,"Rtp4",1
"GO:0048661","positive regulation of smooth muscle cell proliferation","1/14","111/14942",0.00900900900900901,9.61518661518662,2.78993444426614,0.0991675293895121,0.148360870740215,0.0776736968695309,"Stat1",1
"GO:0051092","positive regulation of NF-kappaB transcription factor activity","1/14","111/14942",0.00900900900900901,9.61518661518662,2.78993444426614,0.0991675293895121,0.148360870740215,0.0776736968695309,"Eif2ak2",1
"GO:0072089","stem cell proliferation","1/14","113/14942",0.00884955752212389,9.44500632111252,2.75953753476417,0.100867499302665,0.149142605972813,0.0780829709940764,"Eif2ak2",1
"GO:0030278","regulation of ossification","1/14","115/14942",0.00869565217391304,9.28074534161491,2.7298874556524,0.10256448992906,0.150480718814838,0.0787835342271587,"Rsad2",1
"GO:0016064","immunoglobulin mediated immune response","1/14","118/14942",0.00847457627118644,9.04479418886199,2.68674392748729,0.105104400248573,0.153192138640924,0.0802030864352759,"Irf7",1
"GO:0006986","response to unfolded protein","1/14","119/14942",0.00840336134453781,8.968787515006,2.67270305807556,0.105949552595882,0.153192138640924,0.0802030864352759,"Eif2ak2",1
"GO:0010821","regulation of mitochondrion organization","1/14","120/14942",0.00833333333333333,8.89404761904762,2.6588264955292,0.106793963731527,0.153192138640924,0.0802030864352759,"Stat2",1
"GO:0035710","CD4-positive, alpha-beta T cell activation","1/14","120/14942",0.00833333333333333,8.89404761904762,2.6588264955292,0.106793963731527,0.153192138640924,0.0802030864352759,"Rsad2",1
"GO:0030879","mammary gland development","1/14","121/14942",0.00826446280991736,8.82054309327037,2.6451108836662,0.107637634255596,0.153192138640924,0.0802030864352759,"Oas2",1
"GO:1904950","negative regulation of establishment of protein localization","1/14","126/14942",0.00793650793650794,8.47052154195011,2.5788361400079,0.111844898674325,0.153433435004489,0.0803294161103832,"Rsad2",1
"GO:0140588","chromatin looping","1/14","136/14942",0.00735294117647059,7.84768907563025,2.45667469176505,0.12020422542883,0.160836639658294,0.0842053321202703,"Dhx58",1
"GO:1903531","negative regulation of secretion by cell","1/14","142/14942",0.00704225352112676,7.51609657947686,2.38920747406115,0.125184692027487,0.165174246425157,0.0864762675189879,"Rsad2",1
"GO:0001935","endothelial cell proliferation","1/14","144/14942",0.00694444444444444,7.41170634920635,2.3675894488899,0.126839021083729,0.166202855213162,0.0870147912334839,"Stat1",1
"GO:0034101","erythrocyte homeostasis","1/14","150/14942",0.00666666666666667,7.1152380952381,2.30514680412741,0.131784594869343,0.171500500172432,0.0897883505057886,"Stat1",1
"GO:0051606","detection of stimulus","1/14","156/14942",0.00641025641025641,6.84157509157509,2.24605273866826,0.136704147282814,0.176093477855828,0.0921929842513894,"Rtp4",1
"GO:0046777","protein autophosphorylation","1/14","175/14942",0.00571428571428571,6.09877551020408,2.0777429415372,0.152112494194354,0.192035706956327,0.100539469846941,"Eif2ak2",1
"GO:0048659","smooth muscle cell proliferation","1/14","176/14942",0.00568181818181818,6.06412337662338,2.06957999229411,0.152916342307124,0.192411291644726,0.100736105597931,"Stat1",1
"GO:0034612","response to tumor necrosis factor","1/14","184/14942",0.00543478260869565,5.80046583850932,2.0064649584978,0.159321697960002,0.197206010504237,0.103246360070085,"Stat1",1
"GO:0009636","response to toxic substance","1/14","188/14942",0.00531914893617021,5.67705167173252,1.97628348106964,0.162507482582978,0.200496244745232,0.104968948079914,"Eif2ak2",1
"GO:0006006","glucose metabolic process","1/14","191/14942",0.00523560209424084,5.58788332086761,1.95421055215554,0.16488946028543,0.20212256422085,0.105820400658561,"Oas1g",1
"GO:1903828","negative regulation of protein localization","1/14","210/14942",0.00476190476190476,5.08231292517007,1.82447586127341,0.179829833708835,0.218323759774304,0.114302467028652,"Rsad2",1
"GO:0048863","stem cell differentiation","1/14","228/14942",0.0043859649122807,4.68107769423559,1.71526043104066,0.193754571156495,0.231530619620969,0.12121686179602,"Eif2ak2",1
"GO:0045333","cellular respiration","1/14","230/14942",0.00434782608695652,4.64037267080745,1.70383267558603,0.195288137742145,0.232631637435784,0.121793294945605,"Oas1g",1
"GO:0051259","protein complex oligomerization","1/14","239/14942",0.00418410041841004,4.46563060370592,1.65398390626103,0.202155726969229,0.237254956845309,0.124213813971644,"Oas1g",1
"GO:0002440","production of molecular mediator of immune response","1/14","240/14942",0.00416666666666667,4.44702380952381,1.64859786230312,0.202915423617698,0.237254956845309,0.124213813971644,"Rsad2",1
"GO:0042593","glucose homeostasis","1/14","249/14942",0.00401606425702811,4.28628800917958,1.6014120569028,0.209722530454286,0.2422327099472,0.126819895235515,"Oas1g",1
"GO:0034976","response to endoplasmic reticulum stress","1/14","265/14942",0.00377358490566038,4.02749326145553,1.52279174037808,0.221690940886721,0.251470321005833,0.131656206842389,"Eif2ak2",1
"GO:0050878","regulation of body fluid levels","1/14","269/14942",0.00371747211895911,3.9676048858205,1.50409683075554,0.224656630542678,0.252572543213661,0.132233270546764,"Oas2",1
"GO:0006401","RNA catabolic process","1/14","281/14942",0.00355871886120996,3.79816980172852,1.45010171407687,0.233490859293051,0.26019509246733,0.136224023480125,"Oas2",1
"GO:0141188","nucleic acid catabolic process","1/14","304/14942",0.00328947368421053,3.51080827067669,1.35444853710959,0.250162446346734,0.275523129495649,0.144248951453401,"Oas2",1
"GO:0050727","regulation of inflammatory response","1/14","322/14942",0.0031055900621118,3.31455190771961,1.28580234081022,0.262974221425745,0.287046717235378,0.150282076336527,"Usp18",1
"GO:0031647","regulation of protein stability","1/14","329/14942",0.00303951367781155,3.2440295267043,1.26040425710365,0.267901451335361,0.290035759280448,0.151846976465387,"Usp18",1
"GO:0035592","establishment of protein localization to extracellular region","1/14","344/14942",0.00290697674418605,3.10257475083056,1.20819497171067,0.278356979649352,0.2988012775897,0.156436125940314,"Rsad2",1
"GO:0071692","protein localization to extracellular region","1/14","348/14942",0.0028735632183908,3.06691297208539,1.1947517613744,0.281121608549668,0.300918904926405,0.15754480064014,"Rsad2",1
"GO:0001503","ossification","1/14","365/14942",0.00273972602739726,2.92407045009785,1.13968901575245,0.292761921553353,0.311623333866314,0.163149058450785,"Rsad2",1
"GO:0008015","blood circulation","1/14","399/14942",0.0025062656641604,2.67490153956319,1.03848867564566,0.31551931445113,0.33120812014207,0.173402589215655,"Stat1",1
"GO:0002009","morphogenesis of an epithelium","1/14","462/14942",0.00216450216450216,2.31014223871367,0.876008243019971,0.355900183434848,0.360645519213979,0.188814413106488,"Stat1",1
"GO:0010608","post-transcriptional regulation of gene expression","1/14","472/14942",0.00211864406779661,2.2611985472155,0.852654783954965,0.362102562268889,0.365954717186644,0.191594020909351,"Eif2ak2",1
