"dataset","sample","condition","library_size","PC1","PC2","mean_within_group_spearman","flagged_in_script16"
"GSE167459","1303M_S76","Sham",7698802,-15.1993600870941,6.13887599592495,0.953994547218826,FALSE
"GSE167459","1317M_S81","Sham",13107442,-15.7010783666638,-1.44194249559498,0.960084663311877,FALSE
"GSE167459","1322M_S82","Sham",8185688,-14.2113543649246,0.738150910571588,0.959130080482072,FALSE
"GSE167459","1304M_S77","FPI",8396174,21.1429911489682,14.208186138984,0.9340692578505,TRUE
"GSE167459","1307M_S78","FPI",7935176,17.4010341734236,-8.32934919788038,0.942807345724388,FALSE
"GSE167459","1309M_S79","FPI",8051148,6.5677674962908,-11.3139213520052,0.944205978166084,FALSE
"GSE253476","Sham_Mg_R1","Sham",20286738,-20.4396325233231,12.1460692720484,0.929144862814857,FALSE
"GSE253476","Sham_Mg_R2","Sham",18894542,-15.4687557641815,-3.59190967728908,0.933474025622057,FALSE
"GSE253476","Sham_Mg_R3","Sham",28548029,-10.9695599293987,-12.0966920187644,0.927351657739089,TRUE
"GSE253476","WT_7d_Mg_R1","TBI_7d",20506578,13.333389900426,0.0922125586390546,0.928704623868215,FALSE
"GSE253476","WT_7d_Mg_R2","TBI_7d",25430457,18.2973453782604,2.0216050883554,0.924294577766856,FALSE
"GSE253476","WT_7d_Mg_R3","TBI_7d",26998814,15.2472129382169,1.42871477701058,0.933213407470119,FALSE
"GSE276647","Sham_1","Sham",2450442,-3.23632707528389,5.84232649414494,0.850465984035288,FALSE
"GSE276647","Sham_2","Sham",2243629,13.1258447684609,6.62343004327242,0.851640023593983,FALSE
"GSE276647","Sham_3","Sham",2557580,-4.55478783683398,5.30562274386396,0.836776460692517,FALSE
"GSE276647","Sham_4","Sham",2172737,11.490557168137,8.47633244042758,0.844261353202697,FALSE
"GSE276647","TBI_Iso_1","TBI",2317458,8.93298259922052,-21.1001442903701,0.75588381117264,TRUE
"GSE276647","TBI_Iso_2","TBI",2487396,-0.835719355533262,-1.32473898341608,0.807430971968783,FALSE
"GSE276647","TBI_Iso_3","TBI",2683523,-10.7022288028003,-2.3433064899256,0.814919763928071,FALSE
"GSE276647","TBI_Iso_4","TBI",2855724,-14.220321465367,-1.47952195799707,0.817396672157462,FALSE
"GSE283560","GSM8666315","TBI",317963307,-6.59597639726554,-3.22903637295305,0.792368377878847,FALSE
"GSE283560","GSM8666321","TBI",157998923,9.46404329335781,2.66340547168739,0.810217044762565,FALSE
"GSE283560","GSM8666322","TBI",258692508,10.5406753570691,1.93734602516075,0.811415683044066,FALSE
"GSE283560","GSM8666331","TBI",40027649,-30.85643508275,9.98526853627734,0.608380711483712,TRUE
"GSE283560","GSM8666337","TBI",180525919,11.4152996331804,2.34603539976351,0.807043164991473,FALSE
"GSE283560","GSM8666338","TBI",438481963,10.7411372974042,1.85351891249673,0.813635826513876,FALSE
"GSE283560","GSM8666346","Control",78014136,-14.791925661267,-24.6494975879186,0.791342894320644,FALSE
"GSE283560","GSM8666352","TBI",116470551,10.7588498346954,3.92422449022001,0.803180092135749,FALSE
"GSE283560","GSM8666353","Control",292639593,9.04511732006695,-2.16845660241916,0.836075066142408,FALSE
"GSE283560","GSM8666365","TBI",60931681,-18.9436950989491,9.24484751420924,0.755215406074175,FALSE
"GSE283560","GSM8666366","Control",227589442,9.22290950445778,-1.90765578652417,0.83521013502599,FALSE
