"module","n_genes","cor_TBI","p_TBI","p_perm","p_perm_familywise","cor_depth","p_depth","cor_vascular_fibroblast","p_vascular_fibroblast"
"purple",338,0.598,0.0521,0.0545,0.2667,-0.047,0.8905,0.024,0.944
"tan",249,0.52,0.1014,0.1091,0.5273,-0.041,0.9048,0.513,0.1066
"black",652,0.505,0.1134,0.1152,0.6061,-0.04,0.9075,0.431,0.1852
"yellow",1250,0.435,0.1808,0.2364,0.6788,-0.034,0.9201,0.024,0.9436
"brown",1873,0.236,0.4853,0.4242,1,-0.019,0.9567,0.49,0.1262
"blue",2017,0.149,0.6615,0.6788,1,-0.012,0.9726,0.691,0.0185
"pink",581,-0.179,0.5986,0.5636,1,0.014,0.9671,-0.354,0.2854
"turquoise",3700,-0.22,0.5155,0.5333,1,0.017,0.9596,-0.704,0.0156
"greenyellow",280,-0.285,0.3965,0.3394,0.9576,0.022,0.9478,0.197,0.5618
"magenta",470,-0.349,0.2928,0.2424,0.8545,0.028,0.9359,-0.273,0.4164
"red",832,-0.365,0.2702,0.3394,0.8303,0.029,0.9331,-0.197,0.5611
"green",1064,-0.462,0.153,0.097,0.6606,0.036,0.9154,0.107,0.7535
