"dropped","group","n_control","beta","R2_at_beta","modules","grey","best_module","best_size","best_r","best_p_familywise","frac_ref_in_best","frac_best_in_ref","NOX2_in_best"
"GSM8666315","TBI",3,17,0.81,6,82,"green",1355,0.552,0.283,0.12,0.04,"Cybb"
"GSM8666321","TBI",3,18,0.83,10,95,"green",1001,0.597,0.333,0.21,0.1,"Cybb"
"GSM8666322","TBI",3,17,0.8,11,108,"green",1155,0.617,0.333,0.12,0.05,"Cybb"
"GSM8666331","TBI",3,18,0.53,12,429,"greenyellow",210,0.919,0.008,0.43,1,"Cybb,Ncf4"
"GSM8666337","TBI",3,17,0.8,11,48,"green",858,0.589,0.4,0.11,0.07,"Cybb"
"GSM8666338","TBI",3,18,0.8,11,100,"black",970,0.627,0.208,0.18,0.09,"Cybb"
"GSM8666346","Control",2,16,0.83,8,299,"brown",1748,-0.218,0.978,0.13,0.04,""
"GSM8666352","TBI",3,18,0.83,11,67,"yellow",927,0.603,0.283,0.14,0.07,"Cybb"
"GSM8666353","Control",2,18,0.81,14,39,"green",813,0.65,0.222,0.12,0.07,"Cybb"
"GSM8666365","TBI",3,16,0.84,10,180,"magenta",252,0.961,0.008,0.26,0.52,"Cybb"
"GSM8666366","Control",2,18,0.81,11,61,"pink",705,0.678,0.178,0.11,0.07,"Cybb"
