"gene","module","kME_own_module","pathway"
"Hck","turquoise",0.98784951225252,"BTK"
"Plcg2","turquoise",0.900057190453793,"BTK"
"Blnk","blue",0.897315893210003,"BTK"
"Fcer1g","red",0.880571279842028,"BTK"
"Cyba","turquoise",0.845790692017639,"NOX2"
"Rac2","turquoise",0.822493536116489,"NOX2"
"Btk","blue",0.819731122098213,"BTK"
"Nfkb1","greenyellow",0.78797604981232,"BTK"
"Lyn","blue",0.761156150458734,"BTK"
"Syk","greenyellow",0.759653085309598,"BTK"
"Ncf2","turquoise",0.718440987600279,"NOX2"
"Cybb","purple",0.668430388092298,"NOX2"
"Ncf1","blue",0.643755706420512,"NOX2"
"Ncf4","blue",0.526365333030621,"NOX2"
