"SYMBOL","module","meta_logFC","meta_p","meta_padj","rank_position"
"Fcer1g","BTK",0.295902775630585,0.040752851189134,0.999844195928908,389
"Nfkb1","BTK",0.0368954567803228,0.710120731181252,0.999844195928908,3656
"Hck","BTK",-0.0289285794151741,0.717441700924899,0.999844195928908,12639
"Blnk","BTK",-0.0604104097089768,0.528345259092792,0.999844195928908,14043
"Plcg2","BTK",-0.0747665783161264,0.329126538766125,0.999844195928908,15127
"Btk","BTK",-0.102207197130602,0.252642206184646,0.999844195928908,15455
"Lyn","BTK",-0.125069351994771,0.122649311923148,0.999844195928908,16014
"Syk","BTK",-0.14276206949598,0.0864213550333898,0.999844195928908,16150
"Cybb","NOX2",1.66243417931219,0.000153930886325387,0.0188293693008025,106
"Cyba","NOX2",0.145601378831206,0.255785238010442,0.999844195928908,1312
"Ncf4","NOX2",0.134456750988109,0.239873314232247,0.999844195928908,1252
"Rac2","NOX2",0.0938810318161996,0.361091845603286,0.999844195928908,1730
"Ncf2","NOX2",-0.00820458048621629,0.92247440488201,0.999844195928908,10217
"Ncf1","NOX2",-0.0230710107623498,0.762766749937422,0.999844195928908,12257
