"pathway","pval","padj","log2err","ES","NES","size","leadingEdge"
"HALLMARK_INTERFERON_GAMMA_RESPONSE",8.37080215295523e-12,4.18540107647762e-10,0.875325132024659,0.849161562631257,2.21672598366114,194,"20846/229003/80861/19106/58185/17858/14190/21354/246728/14964/24110/22169/54123/66141/434341/20847/19039/246727/56417/67775/15958/56045/98999/58203/231655/14991/69550/109032/243771/59027/547253/15018/99899/672511/234311/67138/108670/66988/71586/327959/18854/667373/60533/217069/209086/19186/230073/15251/12010/236573/22329/12575/100038882/15959/56791/78388/16913/16149/17329/15900/16068/65972/20849/268749/14962/57444/20304/109552/12515/17069/16391/16912/15945/19188/66307/12363/74735/74157/75345/72075/14528"
"HALLMARK_INTERFERON_ALPHA_RESPONSE",1.99416014347031e-08,4.98540035867577e-07,0.73376198835648,0.896514250187084,2.19000600068144,96,"229003/80861/246730/19106/58185/17858/21354/12977/24110/22169/54123/66141/20847/19039/56417/67775/15958/23960/231655/69550/109032/243771/74153/547253/15018/99899/234311/67138/108670/66988/71586/217069/209086/19186/12010/17454/100038882/15959/56791/54199/16913/211329/16149/65972/268749/57444/17069/16391/16912/15945/19188/80285/74735/74157/72075"
"HALLMARK_CHOLESTEROL_HOMEOSTASIS",0.00029725090733006,0.00495418178883434,0.49849310876659,0.844015345807995,1.99548435405354,72,"16956/16592/11747/16854/110006/66102/12527/20250/18793/11910"
"HALLMARK_ANGIOGENESIS",0.000424303703469025,0.00530379629336282,0.49849310876659,0.907546099143433,1.95215404158995,31,"16956/20750/18186/11820/16976"
"HALLMARK_ALLOGRAFT_REJECTION",0.00723226703755216,0.0613035912039234,0.200513180400413,0.673627231351589,1.73973741352648,168,"20846/21354/12977/54123/21985/14744/23880/14991/24088/19264/15018/18751/76846/18148/16186/55985/15251/20091/12010/13669/14191/20085/20303/16149/17329/12332/67248/15900/20005/20849/13040/20304/16176/15040/276770/16414/80719/14469/230861/20296/21926/21897/17972"
"HALLMARK_IL2_STAT5_SIGNALING",0.00774246128769356,0.0613035912039234,0.191387828756382,0.65356732672747,1.70230211093527,188,"14190/12977/13011/66141/20750/18605/12505/64138/11520/14744/11746/18186/71602/20893/12522/26410/15258/16004/18438/12506/12332/15900/13601/17164/15945/80859"
"HALLMARK_INFLAMMATORY_RESPONSE",0.00858250276854928,0.0613035912039234,0.183397180948084,0.661426833107993,1.7109854972098,172,"19106/12977/19219/54123/26362/67775/54371/13058/12986/69550/16518/24088/59027/16402/67972/18442/15251/18438/12575/54199/12775/15451/12506/15975/11303/18174/17329/18793/20304/109552/16176/12515/17069/15945/16561/16491/50778/20354/13732/20529/14528/18787/108078/12267/18035/20296/21897"
"HALLMARK_KRAS_SIGNALING_DN",0.0125331760542613,0.0672371638141809,0.15627914647544,0.678809297607578,1.6967515558069,121,"58185/17858/54371/17769/227541/18566"
"HALLMARK_NOTCH_SIGNALING",0.012606005042402,0.0672371638141809,0.194887297433682,-0.675180270518972,-1.63155576093347,31,"18750/207521/54613/109689/16848/12443/270118/18129/26965/14369/15205/21416"
"HALLMARK_TNFA_SIGNALING_VIA_NFKB",0.0134474327628362,0.0672371638141809,0.144645572264101,0.62829269874697,1.63647101625717,188,"21354/12977/19219/227659/12505/15958/24088/56193/59027/20893/67972/54446/71586/12522/26410/21815/230073/12575/54199/18034/12053/20229/20303/11303/170768/231130/18793/11910/20304/16176/12515/12633/15945/19698/11796/13655/384783/14528/18787/15902/56706/108078/14579/57783/21929/18035/20296/21926/17873/17872/18626/70789/16169/18081/15370/16477/16160/56722/20393"
"HALLMARK_ADIPOGENESIS",0.0265943012211669,0.100977891156463,0.10216770010847,0.58763292360308,1.53292527114419,192,"16956/11816/11520/11804/12266/20778/12053/12868/11303/170768/11933/14778/11669/18606/66142/22272/22228/26457/66916/28080/20280/12861/66878/93747/22340/110391/11674/116848/12580/11637/12974/13830/20655/66152/57875/66594"
"HALLMARK_APOPTOSIS",0.0253756733768075,0.100977891156463,0.107014828121207,0.609721205242825,1.55838703271222,151,"21354/66141/12505/16854/11732/18611/11820/21858/97165/19877/16004/20740/15368/12257/17390/12575/58801/20229/21973/14778/11910/57444/16176/12515/12633/12363/11796/223453/13655/14528/18796/19063/21926/14958/14775/17873/20655/12048"
"HALLMARK_IL6_JAK_STAT3_SIGNALING",0.0230561297503578,0.100977891156463,0.119145934080369,0.694959452355844,1.66029341712917,79,"20846/12977/20847/12505/12986/24088/12527/26410/16186/55985/15368/12982/15975/17329/16176/16391/15945"
"HALLMARK_TGF_BETA_SIGNALING",0.0282738095238095,0.100977891156463,0.134646973904378,-0.557758546370734,-1.48416976701895,52,"21872/21803/433759/13805/17127/65112/21812/66105/17125/20481/11798/66313"
"HALLMARK_UV_RESPONSE_DN",0.033003300330033,0.11001100110011,0.143909619745855,-0.435546740410814,-1.33852164744486,141,"21872/14537/18750/23945/19211/14815/235574/13548/17127/328365/217692/16416/99633/27360/234515/18129/26416/56376/18754/50768/229615/16001/207615/11480/12576/17250/106583/68055/57312/17684/110593/24000/20181"
"HALLMARK_OXIDATIVE_PHOSPHORYLATION",0.037407157326131,0.116897366644159,0.0855536111942314,0.561407853694013,1.46757009509404,197,"12857/66335/20463/66144/14751/109754/73834/12868/17992/12867/66416/67130/12859/66142/22272/11949/66046/16828/11947/67530/66916/67264/67942/11974/97212/55951/28080/66576/66885/12861/12894/110323/11984/54405/93747/27425/12856/27060/67126/11739/12864/11957/11958/71679/57423/12974/170718/11655/66152/66043/66594/66091/15526/27395/18674/110842/66377/12858/18293/68202/94065/14297/72416/11951/66407/17991/15108/74143/227197/66945/26926/228033/22333/12866/12369/30057/11950/18597/72900/66290/14719/11740/12028/53375/21854"
"HALLMARK_ANDROGEN_RESPONSE",0.0578465063001146,0.170136783235631,0.100604308574775,-0.451165993146076,-1.31708700176984,96,"15446/17132/16880/76687/16410/27362/328365/65112/17289/14595/234515/13521/27057/12443/11651/109711/14679/30960/71817/56376/67760/66884/22596/76267/56469/70361/56436/54608/239273/13714/24000/109785"
"HALLMARK_GLYCOLYSIS",0.0668960770818995,0.18582243633861,0.0638665387777927,0.537962141373349,1.39376325195341,177,"76969/20970/12505/54371/110006/18746/16765/21991/110094/12615/18655/57444/58810/17319/14718/78330/384783/69976/16828/66171/60406/50927/18648/11674/13806/68507/112407/20655/57875/22021/76524/76131/110095/27376/107029/110695/14936/50527/12534/26556/236900/268373/104009/22122/24105/59046/52187/26384/15277/66646/18484/16563/14719/93692/15932/15366"
"HALLMARK_EPITHELIAL_MESENCHYMAL_TRANSITION",0.0763591091437267,0.200945024062439,0.0597150479010505,0.530988145285924,1.373245004643,173,"16948/20750/12505/22352/326618/54725/16852/13518/14268/16402/22329/17390/234407/20229/20720/12332/18793/13601/16971/13732/73690/18787/15902/14579/16419/21929/102857/71665/215280/17873/17387/226519/192176"
"HALLMARK_HYPOXIA",0.0822445330766057,0.205611332691514,0.0572305462580584,0.523067509112505,1.35702845835895,180,"16948/21985/20970/11520/54371/14538/12306/17886/20893/14751/14387/21991/15211/15368/21366/12575/11977/20778/170768/18793/11910/18655/57444/17319/384783/16828/18787/17748/14433/56174/60406/21929/11674/18712/13806/17872/68507/54683"
"HALLMARK_COMPLEMENT",0.0980066445182724,0.210218830203971,0.0522851537507428,0.514403978176199,1.33066531672264,172,"54123/13030/11747/16854/13033/54381/13039/56193/14268/11502/21858/11927/66988/12266/14127/13036/18753/18793/13040/16971/14962/20304/16912/16889/12363/16409/11812/18787/108078/21929/12315/14360/18712/17387/20909/70789/12262/12313/16784/84092/20779/13007"
"HALLMARK_E2F_TARGETS",0.100905038497906,0.210218830203971,0.0507941255783484,0.500810991916893,1.30989778220388,200,"17345/16765/97165/12575/70472/21973/11991/16906/19360/70099/19385/53605/78304/229841/67241/110052/73804/233726/18949/13178/24061/20135/50927/53381/19362/12442/51788/68298/26934/12580/11637/19384/50883/21877/77891/76131/56403/21335/16881/17218/21853/17869/67967/15270/12534/12531/52276/18817/12567/67684/12704/17216/100710/20877/19687/15201/68275/13006/17219/218977/66131/16571/12419/18538/54124/69270/17279/67629/15366/110074/14793/18102/12236/66471/11799/106795/17350/22390/108961/20833/54141"
"HALLMARK_KRAS_SIGNALING_UP",0.0916793999166551,0.210218830203971,0.0542941356227061,0.519478225602349,1.34213765881838,169,"93695/20750/11732/22217/18186/13823/16186/14127/16913/94176/12982/15900/18080/18793/13040/14962/16176/15945/11796/11501/16414/15902/56743/12267/21929/71665"
"HALLMARK_MTORC1_SIGNALING",0.100040502227623,0.210218830203971,0.0510160239838462,0.501965428869875,1.31212404670587,198,"14190/107272/11605/59027/107508/20893/14751/18477/12527/21991/74117/15528/21366/12575/20250/73834/15525/107476/65972/18655/67204/56207/15510/64136/14718/16828/12450/16414/108037/14433/20135/110391/15452/11674/13806/17872/112407"
"HALLMARK_UV_RESPONSE_UP",0.11931330472103,0.23862660944206,0.0478436678923893,0.511194922169057,1.29923193875486,144,"21354/66335/14991/13039/66144/15368/18753/14778/11910/12215/14660/26905/14528/12018/11546/217869/20364/18035/102857/15006/433375/19063/12799/13849/11674/11739/14590/17387/11655/15370/16477/66168/19935"
"HALLMARK_P53_PATHWAY",0.14417845484222,0.277266259311961,0.0419088969982131,0.481003808296263,1.25230077204881,187,"21354/74012/13033/54217/217344/15254/14694/11820/20042/16554/15368/108100/12575/19899/20229/12795/65972/11910/11783/71795/12450/67941/12018/14667/15461/71665/13849/70930/17872/105501/13830/18590/18081/56312"
"HALLMARK_COAGULATION",0.195877839626899,0.348827474582105,0.0372972016676791,0.493835148537692,1.21874246707385,107,"13030/54381/13039/56193/14268/11502/12527/12266/13036/17390/14701/15451/16971/14962/13034/11813/11812/18787/108078/14360/17387/64383/16784/20193/22388/13007/12259/227753"
"HALLMARK_MYC_TARGETS_V1",0.202319935257621,0.348827474582105,0.0343498975004544,0.451252074749435,1.18117837861234,201,"11837/14694/18148/107508/20588/16898/18458/15528/68436/19988/15382/20104/19899/27050/19934/11991/67115/18655/67204/218236/67097/19385/15510/55949/229279/53605/20103/16828/110052/21454/13681/22627/26445/12461/53381/15452/20823/51788/66870/14113/19384/68011/20641/78655/56403/19935/18674/22195/12858/17218/56200/21781/17869/11777/107686/18263/26444/53379/56086/12567/230908/14208/225363/17216/22333/59029/268373/26441/15191/85305/17219"
"HALLMARK_PROTEIN_SECRETION",0.199630029289348,0.348827474582105,0.0374129517205865,0.501629254955925,1.2213587788371,94,"21985/11605/13518/11928/16004/12512/11977/14683/12757/11303/14420/16561/11774/20619/66366/19063/53331/54214/20655/16784/11773/228960"
"HALLMARK_APICAL_JUNCTION",0.247508305647841,0.399206944593291,0.0309237078172155,0.440466083517281,1.13940203691104,172,"232975/20970/23880/19264/17886/11502/11790/60533/108100/22329/17390/13822/23797/19294/16332/20336/17123/15461/17698/264064/11465/20410/71740/65964/20909/67938/64930/20779/19354/98932"
"HALLMARK_HEDGEHOG_SIGNALING",0.246370131366674,0.399206944593291,0.0417110149952,-0.479077408375395,-1.16469823107281,32,"14766/21887/104001/12569/12934"
"HALLMARK_PI3K_AKT_MTOR_SIGNALING",0.282271944922547,0.44104991394148,0.0436825028426649,-0.371813252677398,-1.08784135500915,97,"26377/20111/19211/64143/110355/20491/21937/66105/17973/12283/17874/11651/14784/19353/17126/19769/93765"
"HALLMARK_ESTROGEN_RESPONSE_LATE",0.321398718305935,0.486967755008992,0.0263489333555479,0.420181623405495,1.08253144470527,164,"16592/12505/11605/12017/12527/20778/21973/17937/57444/20602/54189/13655/15902/15452/233016/67117/12864/13418/56350/20393/20716/19143"
"HALLMARK_XENOBIOTIC_METABOLISM",0.377950530035336,0.555809602993141,0.0238828790927908,0.406764283273575,1.04175702977785,155,"11816/22436/16000/14538/15368/21366/15900/11669/14962/14873/14528/18787/15902/109900/108037/13849/15452/233016/66054/70789/11655/18081/22021"
"HALLMARK_PEROXISOME",0.422218754875956,0.591464212908414,0.0236893179822521,0.419575017289434,1.01317356312753,89,"54725/18477/20588/18458/20183/12257/78388/21973/66437/66307/15461/20280/11739/54683/67283/66887/20655/76524"
"HALLMARK_REACTIVE_OXYGEN_SPECIES_PATHWAY",0.425854233294058,0.591464212908414,0.0247933781576858,0.443482183249776,1.00413664428316,48,"14325/11927/18477/14778/67130/11758/53381/216161/110854/224432/20655/16477/17196/68576/320495/12581/93692/22166/108737/76650/226646/14782/625249"
"HALLMARK_G2M_CHECKPOINT",0.450236326806212,0.592416219481858,0.020402278770838,0.379461722628745,0.991946715206333,197,"17345/20496/16765/20588/18854/15251/107823/16319/13555/21973/12615/11991/16906/17975/70099/14211/18286/108000/229841/16573/73804/68612/60406/24061/50927/12442/22589/51788/26934/12580/65964/20641/105727/77891/15331/56403/21335/67956/231386/17750/17218/21781/17869/16551/14030/15270/12051/18263/12534/12531/210106/18817/12567/238247/17216/100710/20877/272551/233406/17219/19134/107503/242705/18005"
"HALLMARK_MYOGENESIS",0.446411012782694,0.592416219481858,0.0211401753523723,0.388349035257579,0.996889228071457,158,"16000/17886/11820/11790/20893/14387/12017/20740/14077/12862/12575/20250/14778/17929/16419/225115/102857/17873/68507/20410/64383"
"HALLMARK_MITOTIC_SPINDLE",0.463302752293578,0.593977887555869,0.0199516428457096,0.375994665790474,0.983663882837823,199,"56430/13518/17886/71602/19877/20740/16319/54126/72776/21973/94176/17925/13822/16906/18080/70099/18536/16561/108000/228012/229841/16573/73804/22627/75547/24061/56705/108686/12442/236266/56349/20742/26934/76073/192176/78514/64930/277360/70799/227753/68097/16551/12345/72416/17974/11789/16328/108903/12534/26920/77579/18817/381921/74018/13424/22350/60595/75786/19687/13998/17318/233406/13006/216846/68743/227800/18005/218977/224014/18764/16571/18541/218397"
"HALLMARK_BILE_ACID_METABOLISM",0.479126347802046,0.598907934752557,0.0315157238889932,-0.340330477802285,-0.982804842406204,88,"19299/74114/63959/217262/114664/18145/269951/19298/76267/11666/14081/73836/16890"
"HALLMARK_PANCREAS_BETA_CELLS",0.547384219554031,0.667541731163452,0.024643400592836,-0.420970122870659,-0.935271786926776,20,"20910/20818/56458/16658"
"HALLMARK_SPERMATOGENESIS",0.567590987868284,0.675703556986053,0.0291781413293861,-0.321493961928552,-0.944345768989462,99,"56485/21888/22099/83964/12745/27399/56088/14245/23885/15463/15482"
"HALLMARK_APICAL_SURFACE",0.658009412584975,0.734561843492167,0.0185284258260605,0.374428921614943,0.823892644129877,37,"11820/16186/72043/18793"
"HALLMARK_ESTROGEN_RESPONSE_EARLY",0.634583333333333,0.734561843492167,0.0157310150456902,0.341737302719355,0.883197142637279,170,"12505/11605/20893/18442/12017/20972/58801/20778/76025/67815/20602/14389/14104/13655/225115/328329/11640/233016/67117/209497/97998/56350"
"HALLMARK_FATTY_ACID_METABOLISM",0.661105659142951,0.734561843492167,0.0286705282376607,-0.299133143825345,-0.917028370747294,138,"15446/23945/14645/56442/17001/114664/11671/56451/22629/229877/14081/11364/15159/66841/12479/14555/17252/66357/67460/17449/11792/13382/15929"
"HALLMARK_HEME_METABOLISM",0.720641061066593,0.766639426666588,0.0138183655361519,0.324414960553498,0.839426892863041,174,"13030/53378/21961/67182/208846/12266/15199/18174/12215/13034/71648/17524/22228/104015/72674/56209/192657/66171/102857/66878/74645/56786/14958/233016/18023/70827/71207/16784/224703/11656/211586/59125"
"HALLMARK_MYC_TARGETS_V2",0.713597874813216,0.766639426666588,0.0166190970280354,0.346634978350322,0.799180023313554,58,"18148/15528/15510/17218/17869/18817/12567/72515/20322/15277"
"HALLMARK_DNA_REPAIR",0.789473684210526,0.805585392051558,0.012920090330984,0.310299879531158,0.791620386133178,148,"22169/53378/11821/59022/76025/74167/20018/12856/99730/15452"
"HALLMARK_UNFOLDED_PROTEIN_RESPONSE",0.783545250560957,0.805585392051558,0.0137575770395065,0.314709742180076,0.780045005758042,111,"107272/20044/18148/667373/13191/11910/70640/208643/16573/13681/13685/20296/75416/233908"
"HALLMARK_WNT_BETA_CATENIN_SIGNALING",0.863304265849635,0.863304265849635,0.018978023522324,-0.296159046748504,-0.747374528219531,38,"27373/18222/22059/26965/103806/19206/18128/14370/232232/18132"
